"","bilingu_wordpair","en_wordpair","en_word_1","en_word_2","cs_wordpair","cs_word_1","cs_word_2","cs upper CI","cs mean","cs lower CI","en upper CI","en mean","en lower CI","CS_Annotator_ 1","CS_Annotator_ 2","CS_Annotator_ 3","CS_Annotator_ 4","CS_Annotator_ 5","CS_Annotator_ 6","CS_Annotator_ 7","CS_Annotator_ 8","CS_Annotator_ 9","CS_Annotator_ 10","CS_Annotator_ 11","CS_Annotator_ 12","CS_Annotator_ 13","CS_Annotator_ 14","CS_Annotator_ 15","CS_Annotator_ 16","CS_Annotator_ 17","CS_Annotator_ 18","CS_Annotator_ 19","CS_Annotator_ 20","CS_Annotator_ 21","CS_Annotator_ 22","CS_Annotator_ 23","CS_Annotator_ 24","CS_Annotator_ 25"
"2","admission-ticket_vstupné-lístek","admission-ticket","admission","ticket","vstupné-lístek","vstupné","lístek",7.76636214905198,6.78,5.79363785094802,8.40817873020858,7.6875,6.96682126979142,5,2,7,8,9,8,0,7,8,7,5,9,7,6,8,8,7,5,8,6,10,3,9.5,8,9
"3","alcohol-chemistry_alkohol-chemie","alcohol-chemistry","alcohol","chemistry","alkohol-chemie","alkohol","chemie",6.94607420213327,5.96,4.97392579786673,6.65859131790783,5.53846153846154,4.41833175901525,9,4,1,7,8,8,9,2,8,6,4,9,4,5,5,5,6,9,3,7,10,5,6,4,5
"5","aluminum-metal_hliník-kov","aluminum-metal","aluminum","metal","hliník-kov","hliník","kov",8.53782706266619,8.06,7.58217293733381,8.36698990986219,7.828125,7.28926009013781,7,6,7,7,8,10,10,7,10,8,8,8,8,9.5,8,8,9,7,7,7,10,9,8,7,8
"6","announcement-effort_oznámení-snaha","announcement-effort","announcement","effort","oznámení-snaha","oznámení","snaha",3.49963252598555,2.6,1.70036747401445,3.71309133587734,2.75,1.78690866412266,7,1,1,2,1,0,4,0,6,4,1,6,5,3,4,4,3,5,4,1,0,2,1,0,0
"9","announcement-news_oznámení-zprávy","announcement-news","announcement","news","oznámení-zprávy","oznámení","zprávy",7.84257639961933,7.176,6.50942360038067,8.11176197575111,7.5625,7.01323802424889,9,6,7,6,7,7,9,8,10,7,6,10,8,6.4,7,8,5,5,6,8,8,3,9,7,7
"11","announcement-production_oznámení-produkce","announcement-production","announcement","production","oznámení-produkce","oznámení","produkce",3.6442247334395,2.692,1.7397752665605,4.42055150178859,3.375,2.32944849821141,7,1,2,1,4,0,5,0,7,4,1,2,4,5.8,4,3,0,4.5,6,1,0,1,3,1,0
"12","announcement-warning_oznámení-varování","announcement-warning","announcement","warning","oznámení-varování","oznámení","varování",7.71835940252808,7.114,6.50964059747192,7.0295879460067,6,4.9704120539933,3,7.5,6,7,7,9,9,6,9,6,8,6,7,8.1,8,7.5,6,5,8,6,9,7,8.75,6,8
"13","Arafat-Jackson_Arafat-Jackson","Arafat-Jackson","Arafat","Jackson","Arafat-Jackson","Arafat","Jackson",4.91056939649537,3.78,2.64943060350463,3.91719493819451,2.5,1.08280506180549,7,3,5,3,5,0,0,0,1,8,5,9,6,4,8,7.5,2,1,5,2,3,3,4,3,0
"14","Arafat-peace_Arafat-mír","Arafat-peace","Arafat","peace","Arafat-mír","Arafat","mír",7.09273240107174,6.28,5.46726759892826,7.98030549706995,6.73076923076923,5.48123296446851,3,5,6,9,10,4,10,5,7,5,4,7,4,9,5,7,8,6,6,5,9,6,7,5,5
"15","Arafat-terror_Arafat-terorismus","Arafat-terror","Arafat","terror","Arafat-terorismus","Arafat","terorismus",7.30108219778277,6.532,5.76291780221723,8.68132814699182,7.65384615384615,6.62636416070049,7,7,5,8.5,8,3,10,4,9,5,6,7,7,9.3,5,6,4,5,7,7,9,5,8.5,5,6
"18","architecture-century_architektura-století","architecture-century","architecture","century","architektura-století","architektura","století",6.74190934346785,5.88,5.01809065653215,5.20100163984208,3.78125,2.36149836015792,4,2,5,3,6,6,10,4,5,8,3,7,7,9,6,7,7,9,6,6,7,6,7,5,2
"21","arrangement-accommodation_zařízení-ubytování","arrangement-accommodation","arrangement","accommodation","zařízení-ubytování","zařízení","ubytování",5.87397276365573,5.124,4.37402723634427,6.12918245739659,5.40625,4.68331754260341,5,2,4,6,5,7,8,1,4,6,5,7,5,8.1,6,4,3,3,4,7,7,5,7,5,4
"23","arrival-hotel_příjezd-hotel","arrival-hotel","arrival","hotel","příjezd-hotel","příjezd","hotel",6.37319620029875,5.468,4.56280379970125,6.99689424208496,6,5.00310575791504,5,0,5,2,8,8,8,3,8,7,1,7,5,6.7,6,6,4,6,3,6,7,6,6,6,7
"25","asylum-madhouse_blázinec-cvokárna","asylum-madhouse","asylum","madhouse","blázinec-cvokárna","blázinec","cvokárna",9.7510606101483,9.328,8.9049393898517,9.67569682229044,8.86538461538461,8.05507240847879,10,9,9,9,10,10,10,10,10,6,8,10,10,9.3,9,9.9,9,7,9,9,10,10,10,10,10
"27","atmosphere-landscape_atmosféra-krajina","atmosphere-landscape","atmosphere","landscape","atmosféra-krajina","atmosféra","krajina",5.82458239028805,4.698,3.57141760971195,5.19112586620721,3.6875,2.18387413379279,7,4,5,1,6,3,0,0,5,8,1,7,8,5.7,4,7,2,8,8,7,6,2,7.75,2,3
"28","attempt-peace_pokus-mír","attempt-peace","attempt","peace","pokus-mír","pokus","mír",5.17676020116667,4.168,3.15923979883333,5.13097049651683,4.25,3.36902950348317,7,1,5,5,8,3,3,3,7,6,1,3,8,9.2,5,3,4,7,4,3,1,3,1,2,2
"31","baby-mother_miminko-matka","baby-mother","baby","mother","miminko-matka","miminko","matka",8.15058031288597,7.636,7.12141968711403,8.99923564361074,7.84615384615385,6.69307204869695,9,7,7,7,8,7,10,6,9,7,6,9,6,9.9,8,7,7,8,7,7,10,8,8,6,7
"32","bank-money_banka-peníze","bank-money","bank","money","banka-peníze","banka","peníze",8.91002346379299,8.392,7.87397653620701,8.93503169707006,8.11538461538461,7.29573753369917,8,7,7,9,10,10,10,8,10,9,8,9,10,9,8,8,8,8.8,8,6,10,7,9,6,7
"33","baseball-season_basebal-sezóna","baseball-season","baseball","season","basebal-sezóna","basebal","sezóna",6.62378671198719,5.736,4.84821328801281,7.07998954710675,5.96875,4.85751045289325,8,4,5,2,7,6,9,2,8,7,4,7,8,8.4,7,7,2,7,7,5,6,4,2,5,6
"36","bed-closet_postel-skříň","bed-closet","bed","closet","postel-skříň","postel","skříň",7.14900744934357,6.1,5.05099255065643,7.72963900920532,6.71875,5.70786099079468,8,2,7,3,8,1,10,0,7,8,5,8,7,7,6,8,7,4,7,5,10,5,5.5,6,8
"38","benchmark-index_měřítko-index","benchmark-index","benchmark","index","měřítko-index","měřítko","index",5.76374576318855,4.552,3.34025423681144,5.28874001884538,4.25,3.21125998115462,7,0,7,4,7,0,0,0,8,6,1,7,6,7.8,8,7,6,6,6,1,3,1,7,3,5
"40","bird-cock_pták-kohout","bird-cock","bird","cock","pták-kohout","pták","kohout",7.94003405386096,7.048,6.15596594613904,7.88325448180573,7.1,6.31674551819427,4,7,7,7,8,9,2,0,10,8,6,8,7,8.7,8,8,8,7,7,7,9,8,7.5,7,8
"41","bird-crane_pták-jeřáb","bird-crane","bird","crane","pták-jeřáb","pták","jeřáb",8.175638001165,7.3,6.424361998835,8.17592754865106,7.38461538461539,6.59330322057971,9,4,7,8,9,7,5,6,10,8,6,9,10,8.5,7,7,8,9,7,7,9,0,8,6,8
"42","bishop-rabbi_biskup-rabín","bishop-rabbi","bishop","rabbi","biskup-rabín","biskup","rabín",7.82189321463644,6.876,5.93010678536356,7.75726657245929,6.69230769230769,5.6273488121561,9,3,9,6,8,4,9,3,9,8,7,9,3,9.9,4,9,6,4,8,7,5,8,9,6,9
"45","board-recommendation_výbor-doporučení","board-recommendation","board","recommendation","výbor-doporučení","výbor","doporučení",5.2098017211431,4.332,3.4541982788569,5.90342280843356,4.46875,3.03407719156644,4,0,2,4,7,6,8,1,6,5,3,5,4,6.3,3,5,2,6,3,4,8,3,7,2,4
"46","book-library_kniha-knihovna","book-library","book","library","kniha-knihovna","kniha","knihovna",9.15687608579282,8.688,8.21912391420719,8.22652880473744,7.46153846153846,6.69654811833949,9,8,7,8.5,10,8,10,8,10,9,9,9,9,9.9,5,8.5,9,9.3,8,8,10,9,10,8,8
"47","book-paper_kniha-papír","book-paper","book","paper","kniha-papír","kniha","papír",8.22042148808759,7.556,6.89157851191241,8.30233210567876,7.46153846153846,6.62074481739816,9,5,7,8,9,5,10,6,10,6,6,9,8,9.9,7,7.5,8,8,7,7,10,5,8.5,7,6
"48","boxing-round_box-kolo","boxing-round","boxing","round","box-kolo","box","kolo",4.52344902903557,3.572,2.62055097096443,8.38610113751488,7.609375,6.83264886248512,0,2,6,1,7,4,0,1,7,6,3,1,4,6.8,3,4.5,2,5,3,4,1,5,6,1,6
"51","boy-lad_chlapec-hoch","boy-lad","boy","lad","chlapec-hoch","chlapec","hoch",9.57436299822161,9.026,8.47763700177839,9.82405505043204,8.82692307692308,7.82979110341411,10,6,9,7,10,9,5,9,10,9,8,10,10,10,9,9.9,9,8,9,9,10,10,9.75,10,10
"53","bread-butter_chleba-máslo","bread-butter","bread","butter","chleba-máslo","chleba","máslo",8.32213600517053,7.844,7.36586399482947,7.35951350288136,6.19230769230769,5.02510188173402,7,6.5,7,8,7,7,10,7,9,7,7,8,10,9.6,6,7,8,8,7,8,10,8,9,7,8
"54","brother-monk_bratr-mnich","brother-monk","brother","monk","bratr-mnich","bratr","mnich",7.02970082577887,6.012,4.99429917422113,7.66813855497922,6.26923076923077,4.87032298348232,8,2,6,8,5,8,4,2,7,7,5,8,9,6.8,2,8.5,6,3,9,1,9,5,7,6,8
"57","calculation-computation_výpočet-počítání","calculation-computation","calculation","computation","výpočet-počítání","výpočet","počítání",8.67971962042737,8.184,7.68828037957263,9.07452504114311,8.4375,7.80047495885689,9,7,8,8,9,7,8,7,9.5,7,7,9,9,9.1,8,9,7,5,8,7,10,9,9,9,10
"58","canyon-landscape_kaňon-krajina","canyon-landscape","canyon","landscape","kaňon-krajina","kaňon","krajina",6.88862240182792,5.992,5.09537759817208,8.04113693780138,7.53125,7.02136306219862,7,2,6,3,7,5,9,1,8,6,4,8,8,7.8,8,6,6,5,7,6,10,4,4,5,7
"60","car-automobile_auto-automobil","car-automobile","car","automobile","auto-automobil","auto","automobil",9.96798292653247,9.816,9.66401707346753,9.97092817000553,8.94230769230769,7.91368721460985,10,10,9,9.9,10,10,10,10,10,9,9,10,10,10,9.8,9.9,10,9.8,9,10,10,10,10,10,10
"62","car-flight_auto-let","car-flight","car","flight","auto-let","auto","let",5.52854448595368,4.612,3.69545551404632,6.04620809469762,4.9375,3.82879190530238,4,4,3,6,4,0,9,2,8,5,4,7,2,7.8,5,4.5,4,5,6,4,7,5,4,5,0
"64","cell-phone_mobil-telefon","cell-phone","cell","phone","mobil-telefon","mobil","telefon",9.42022142905034,9.088,8.75577857094965,8.59609764746847,7.8125,7.02890235253153,10,9,9,8,9,10,10,8,10,8,8,9,10,9.7,9,9.5,9,8,8,9,10,10,10,8,9
"66","cemetery-woodland_hřbitov-zalesnění","cemetery-woodland","cemetery","woodland","hřbitov-zalesnění","hřbitov","zalesnění",3.02382901776422,2.324,1.62417098223578,3.04698392145903,2.07692307692308,1.10686223238713,5,1,1,2,4,0,3,0,1,4,2,5,3,2.6,2,4,1,4,5,0,0,3,2.5,3,0
"69","century-nation_století-národ","century-nation","century","nation","století-národ","století","národ",4.92507358926685,3.988,3.05092641073315,4.44587513984544,3.15625,1.86662486015456,4,0,2,1,2,2,10,5,7,6,1,3,5,7.7,3,5,3,5,4,5,6,3,4,3,3
"70","century-year_století-rok","century-year","century","year","století-rok","století","rok",8.15197632610376,7.548,6.94402367389624,8.23332361486055,7.59375,6.95417638513945,7,6,7,4,9,8,10,6,10,8,7,8,6,8.7,8,9,8,7,8,6,10,6,7,7,8
"73","closet-clothes_šatník-šaty","closet-clothes","closet","clothes","šatník-šaty","šatník","šaty",8.66464803092805,8.146,7.62735196907195,8.84812767386006,8,7.15187232613994,7,6,7,9,9,9,10,6,9.5,8,7,9,10,9.9,7,8,8,7,8,8,10,7,9.25,7,8
"522","coast-forest_pobřeží-les","coast-forest","pobřeží","les","pobřeží-les","pobřeží","les",5.90433140132262,4.948,3.99166859867738,4.43208985076941,3.15384615384615,1.8756024569229,4,3,1,4,7,5,3,0,2,8,4,6,3,9.2,5,6,8,6,6,4,9,5,6.5,5,4
"74","coast-hill_pobřeží-kopec","coast-hill","coast","hill","pobřeží-kopec","pobřeží","kopec",6.51352755580348,5.512,4.51047244419652,5.35708632192061,4.38461538461539,3.41214444731016,7,1,5,1,6,4,8,0,8,6,5,8,4,7.8,4,8,6,6,7,4,10,7,5,6,4
"76","coast-shore_pobřeží-břeh","coast-shore","coast","shore","pobřeží-břeh","pobřeží","břeh",9.19694523221011,8.892,8.58705476778989,9.9974150694185,9.09615384615385,8.19489262288919,9,8.5,9,8,9,8,10,9,9.5,8,9,9,9,9.8,9,9.5,8,7,8,9,10,9,10,9,9
"77","company-stock_společnost-akcie","company-stock","company","stock","společnost-akcie","společnost","akcie",7.18415001625416,6.404,5.62384998374583,7.98207185765626,7.07692307692308,6.1717742961899,7,1,6,7,7,6,9,4,7,8,4,8,4,7.6,7,8,7,6,6,6,10,7,7.5,4,6
"79","competition-price_soutěž-cena","competition-price","competition","price","soutěž-cena","soutěž","cena",7.87915271613728,7.352,6.82484728386272,7.36492041144784,6.4375,5.51007958855216,7,7,6,7,9,6,9,8,9,8,5,8,9,8.8,8,7,7,7,6,7,10,7,6,6,6
"80","computer-internet_počítač-internet","computer-internet","computer","internet","počítač-internet","počítač","internet",8.55895261927459,8.12,7.68104738072541,8.29454762929372,7.57692307692308,6.85929852455243,6,7,7,8,10,8,10,7,9,8,7,8,9,8.5,7,7.5,9,8,8,8,10,9,9,7,8
"81","computer-keyboard_počítač-klávesnice","computer-keyboard","computer","keyboard","počítač-klávesnice","počítač","klávesnice",8.04703438828497,7.418,6.78896561171503,8.67759237009264,7.61538461538461,6.55317686067659,4,7,7,8,7,8,10,3,8,7,7,8,7,9.7,7,8.5,7,7,7,8,10,8,8.25,7,7
"82","computer-laboratory_počítač-laboratoř","computer-laboratory","computer","laboratory","počítač-laboratoř","počítač","laboratoř",6.26762969982634,5.5,4.73237030017366,7.55324942013472,6.78125,6.00925057986528,5,4,4,5,7,6,9,4,7,5,2,6,2,9,4,6.5,4,5,4,8,7,5,7,5,7
"83","computer-news_počítač-zprávy","computer-news","computer","news","počítač-zprávy","počítač","zprávy",6.05444337108204,5.132,4.20955662891796,5.49589321945004,4.46875,3.44160678054996,6,3,3,6.5,3,8,10,2,9,6,4,7,3,4.8,3,3,6,8,3,5,2,6,5,5,7
"85","computer-software_počítač-software","computer-software","computer","software","počítač-software","počítač","software",8.91927698925544,8.412,7.90472301074456,8.88914766542907,8.5,8.11085233457093,8,8,8,9,10,9,10,6,10,9,8,9,8,9.8,6,8,9,6,8,8,10,9,9.5,7,8
"86","concert-virtuoso_koncert-virtuos","concert-virtuoso","concert","virtuoso","koncert-virtuos","koncert","virtuos",8.24953006736452,7.524,6.79846993263548,7.80403935514232,6.8125,5.82096064485768,8,2,7,7,7,8,10,6,9,7,5,8,10,9.6,8,7.5,8,8,8,6,10,7,9,7,6
"87","consumer-confidence_zákazník-sebevědomí","consumer-confidence","consumer","confidence","zákazník-sebevědomí","zákazník","sebevědomí",4.67899304714349,3.7,2.72100695285651,5.44286969815122,4.125,2.80713030184878,1,0,1,3,9,2,3,0,5,7,2,4,5,7,2,3.5,3,6,4,4,5,0,5,5,6
"90","consumer-energy_zákazník-energie","consumer-energy","consumer","energy","zákazník-energie","zákazník","energie",4.72793430302594,3.848,2.96806569697406,6.22542913814606,4.75,3.27457086185394,6,3,0,4,6,3,5,0,7,6,1,7,5,3.2,2,5,4,5,5,3,7,2,4,1,2
"93","country-citizen_země-občan","country-citizen","country","citizen","země-občan","země","občan",7.76624710442447,6.94,6.11375289557553,7.8870284590766,7.3125,6.7379715409234,6,7,5,9,10,9,4,8,9.5,6,6,8,8,9,7,6,8,9,3,7,2,7,6,6,8
"94","crane-implement_jeřáb-nářadí","crane-implement","crane","implement","jeřáb-nářadí","jeřáb","nářadí",5.68508260776561,4.724,3.76291739223439,4.40834319693586,2.69230769230769,0.976272187679528,8,2.5,3,8,2,0,1,1,6,4,3,8,5,7.6,4,6,6,6,5,5,4,6,5,4,8
"98","credit-card_kreditní-karta","credit-card","credit","card","kreditní-karta","kreditní","karta",8.55807840671927,7.9,7.24192159328073,8.72143484907561,8.0625,7.40356515092439,6,6,5,8,8,10,10,9,9,8,7,8,10,10,8,7,9,5,9,8,10,7,8.5,6,6
"99","credit-information_věrohodnost-informace","credit-information","credit","information","věrohodnost-informace","věrohodnost","informace",7.13992462116517,6.26,5.38007537883483,6.85343078191691,5.3125,3.77156921808309,4,2,4,7,8,9,10,8,8,7,7,6,2,7.5,5,7.5,7,5,6,5,10,5,5.5,4,7
"102","cucumber-potato_okurka-brambor","cucumber-potato","cucumber","potato","okurka-brambor","okurka","brambor",7.27785425160594,6.352,5.42614574839406,6.73049514857043,5.92307692307692,5.11565869758342,5,5,7,5,6,2,9,1,7,8,6,8,4,8.8,8,8,8,4,8,5,10,8,4,6,8
"107","cup-article_šálek-kus","cup-article","cup","article","šálek-kus","šálek","kus",3.94792209226216,2.88,1.81207790773784,3.90389059180346,2.40384615384615,0.903801715888846,0,2,0,2,1,0,10,0,5,6,2,1,6,4,5,3,4,4,5,2,6,1,0,0,3
"110","cup-artifact_šálek-artefakt","cup-artifact","cup","artifact","šálek-artefakt","šálek","artefakt",4.01561904801674,2.96,1.90438095198326,4.47281972889028,2.92307692307692,1.37333411726356,0,1,1,1,7,0,3,0,3,6,4,5,6,3,0,5,1,2,5,2,10,2,2,1,4
"112","cup-coffee_hrnek-káva","cup-coffee","cup","coffee","hrnek-káva","hrnek","káva",8.2039667480915,7.58,6.9560332519085,7.82176711385983,6.57692307692308,5.33207903998632,6,6,6,8.5,9,9,9,4,10,6,7,9,8,9,7,7,8,6,7,8,10,9,6,8,7
"115","cup-drink_hrnek-pít","cup-drink","cup","drink","hrnek-pít","hrnek","pít",7.57901770819196,7.012,6.44498229180804,8.10460070268766,7.25,6.39539929731234,7,5,7,8,6,7,9,7,9,7,5,7,6,9.3,5,7,8,5,7,6,10,7,8,6,7
"117","cup-entity_šálek-entita","cup-entity","cup","entity","šálek-entita","šálek","entita",2.25527985342801,1.544,0.832720146571991,3.333023619305,2.15384615384615,0.974668688387309,3,1,0,0,1,0,0,0,1,3,1,4,4,3.1,1,2,0,6,3,0,0,0,0.5,1,4
"119","cup-food_šálek-jídlo","cup-food","cup","food","šálek-jídlo","šálek","jídlo",5.8589109792669,5.04,4.2210890207331,6.07534896892631,5,3.92465103107369,6,2,4,6.5,7,7,7,0,7,5,6,7,3,6.5,2,6,6,4,5,3,7,5,3,4,7
"122","cup-liquid_hrnek-tekutina","cup-liquid","cup","liquid","hrnek-tekutina","hrnek","tekutina",6.84430769241577,6.052,5.25969230758423,7.08624508313076,5.90384615384615,4.72144722456155,5,6,6,8,8,8,5,2,9,6,5,7,6,7.8,2,5,8,3,7,5,8,8,6.5,6,4
"125","cup-object_šálek-věc","cup-object","cup","object","šálek-věc","šálek","věc",4.92246286810875,3.872,2.82153713189125,5.18040563670188,3.69230769230769,2.2042097479135,2,1,4,8,5,2,2,0,8,6,3,7,6,6.8,2,4,1,6,5,2,8,2,1,1,4
"128","cup-substance_hrnek-látka","cup-substance","cup","substance","hrnek-látka","hrnek","látka",2.65784292142547,1.836,1.01415707857453,2.8282257038101,1.92307692307692,1.01792814234374,2,0,0,7,1,0,0,0,3,4,1,5,4,2.9,0,2,1,1,5,1,1,1,0,0,4
"131","cup-tableware_hrnek-příbory","cup-tableware","cup","tableware","hrnek-příbory","hrnek","příbory",6.97589980032487,6.06,5.14410019967513,7.88101360094841,6.84615384615385,5.81129409135928,6,2,7,5,6,4,10,1,5,8,3,6,5,7.5,8,8,7,4,6,5,10,6,8,6,8
"132","currency-market_měna-trh","currency-market","currency","market","měna-trh","měna","trh",6.93257665555078,6.204,5.47542334444922,8.16696549568354,7.5,6.83303450431646,3,5,7,6,8,6,8,3,9,6,4,8,6,7.6,7,6,8,4.5,6,5,10,4,6,6,6
"133","day-dawn_den-úsvit","day-dawn","day","dawn","den-úsvit","den","úsvit",8.16041678764346,7.568,6.97558321235654,8.02222372755766,7.53125,7.04027627244234,8,7,6,7,7,10,8,4,10,6,7,8,8,9.8,8,7,6,9.9,8,7,7,8,6.5,7,9
"135","day-summer_den-léto","day-summer","day","summer","den-léto","den","léto",5.42331357015808,4.4,3.37668642984192,5.04620809469762,3.9375,2.82879190530238,7,0,6,2,6,2,9,0,7,7,3,5,4,6.5,1,6.5,4,2,5,5,8,3,4,2,5
"138","death-inmate_smrt-pacient","death-inmate","death","inmate","smrt-pacient","smrt","pacient",6.7179145124107,5.828,4.9380854875893,6.15097443897712,5.03125,3.91152556102288,3,2,7,5,7,7,10,1,6,6,4,8,6,8.7,4,6,6,5,7,4,10,6,5,6,6
"140","death-row_smrt-hádka","death-row","death","row","smrt-hádka","smrt","hádka",4.15250369634207,3.228,2.30349630365793,6.73820365476895,5.25,3.76179634523105,7,2,3,3,4,0,1,0,4,5,1,7,3,6.7,1,4,3,2,5,1,8,2,4,2,2
"143","decoration-valor_řád-udatnost","decoration-valor","decoration","valor","řád-udatnost","řád","udatnost",6.47857408866946,5.42,4.36142591133054,7.29737312818267,5.625,3.95262687181733,4,2,7,2,8,7,10,0,8,6,4,5,6,1,5,7.5,7,8,7,6,8,2,3,6,6
"146","delay-news_zpoždění-zprávy","delay-news","delay","news","zpoždění-zprávy","zpoždění","zprávy",4.8051850430118,3.78,2.7548149569882,4.44234837908436,3.3125,2.18265162091564,4,1,4,4,2,3,5,0,7,8,1,7,7,6,6,3,1,5,3,5,1,2,7.5,2,0
"147","delay-racism_zpoždění-rasismus","delay-racism","delay","racism","zpoždění-rasismus","zpoždění","rasismus",0.708571285045308,0.44,0.171428714954692,2.10465818231179,1.1875,0.270341817688212,0,0,0,1,0,0,0,0,1,1,1,1,0,2,0,2,0,1,1,0,0,0,0,0,0
"150","deployment-departure_rozmístění-odchod","deployment-departure","deployment","departure","rozmístění-odchod","rozmístění","odchod",5.19685206299695,4.108,3.01914793700305,5.61894825712027,4.25,2.88105174287973,3,0,5,7,5,4,0,0,4,7,1,4,4,6.7,3,4,3,4,5,1,10,6,2,5,9
"151","deployment-withdrawal_nasazení-stažení","deployment-withdrawal","deployment","withdrawal","nasazení-stažení","nasazení","stažení",7.02752663340929,5.712,4.3964733665907,7.36796591863616,5.875,4.38203408136384,2,2,6,8,8,7,0,8,9,7,1,1,2,8.8,9,7,7,3,2,6,10,9,4,6,10
"154","development-issue_vývoj-otázka","development-issue","development","issue","vývoj-otázka","vývoj","otázka",4.61895107515544,3.544,2.46904892484456,5.10525419956103,3.96875,2.83224580043897,6,0,0,3,7,0,8,0,7,6,1,1,3,7.6,4,3,2,4,6,3,5,3,4,0,5
"155","direction-combination_směr-kombinace","direction-combination","direction","combination","směr-kombinace","směr","kombinace",2.62967230721603,1.752,0.874327692783971,3.32456911341493,2.25,1.17543088658507,1,0,0,1,7,0,0,0,2,4,1,3,5,6.8,0,2,0,4,2,2,2,1,0,0,0
"157","disability-death_invalidita-smrt","disability-death","disability","death","invalidita-smrt","invalidita","smrt",6.13308571111731,5.196,4.25891428888269,6.6581546699277,5.46875,4.2793453300723,3,2,7,3,4,7,10,3,7,6,2,7,3,7.1,5,5,5,1.8,8,3,7,3,7,7,7
"160","disaster-area_pohroma-oblast","disaster-area","disaster","area","pohroma-oblast","pohroma","oblast",5.77491094602615,4.82,3.86508905397385,7.54796935587344,6.25,4.95203064412656,4,2,3,5,7,4,9,0,3,7,3,6,6,8,6,5,3,4,6,5,9,2,1.5,6,6
"161","discovery-space_objev-vesmír","discovery-space","discovery","space","objev-vesmír","objev","vesmír",6.23665691461196,5.356,4.47534308538804,7.30052490449487,6.34375,5.38697509550513,6,3,5,6,7,6,10,0,7,7,3,4,6,7.9,7,5,4,6,6,6,8,3,3,5,3
"162","dividend-calculation_dividenda-výpočet","dividend-calculation","dividend","calculation","dividenda-výpočet","dividenda","výpočet",6.56208003103254,5.64,4.71791996896746,7.58770122819223,6.484375,5.38104877180777,5,3,4,7,6,8,7,2,10,6,5,7,7,9,3,4,8,8,5,3,7,2,3,5,7
"165","dividend-payment_dividenda-platba","dividend-payment","dividend","payment","dividenda-platba","dividenda","platba",7.13911391371923,6.42,5.70088608628077,8.32316496679278,7.625,6.92683503320722,7,7,7,8,8,8,5,3,9,8,3,7,4,9,5,6,4,5,7,7,8,5,7.5,6,7
"166","doctor-liability_doktor-riziko","doctor-liability","doctor","liability","doktor-riziko","doktor","riziko",5.19934447574468,4.4,3.60065552425532,6.20262265922281,5.1875,4.17237734077719,1,2,5,4,4,4,5,0,7,4,5,5,4,7,2,4,3,7,7,4,2,6,6,6,6
"170","doctor-nurse_doktor-sestra","doctor-nurse","doctor","nurse","doktor-sestra","doktor","sestra",8.13695046131614,7.588,7.03904953868386,7.60429395207723,7,6.39570604792277,8,4,7,7,6,8,10,7,9,8,7,9,6,9.2,8,7.5,7,7,8,7,10,8,8,6,8
"172","doctor-personnel_doktor-personál","doctor-personnel","doctor","personnel","doktor-personál","doktor","personál",5.4401004883548,4.72,3.9998995116452,6.15111431804268,5,3.84888568195732,6,4,5,6,3,2,5,1,8,5,5,5,4,6,5,5,6,5,6,1,8,4,5,3,5
"174","dollar-buck_dolar-doláč","dollar-buck","dollar","buck","dolar-doláč","dolar","doláč",9.62690112896376,8.3,6.97309887103624,9.61950538218502,9.21875,8.81799461781498,9,10,9,9,10,0,10,10,10,7,9,10,10,0,0,9.5,9,9,8,9,10,10,10,10,10
"175","dollar-loss_dolar-ztráta","dollar-loss","dollar","loss","dolar-ztráta","dolar","ztráta",5.32359355321394,4.48,3.63640644678606,7.01781568016467,6.09375,5.16968431983533,4,4,1,2,5,4,9,4,8,7,2,7,4,6,3,5,4,2,6,4,7,4,2,5,3
"176","dollar-profit_dolar-zisk","dollar-profit","dollar","profit","dolar-zisk","dolar","zisk",6.88372477974864,6.224,5.56427522025136,8.01665128231955,7.375,6.73334871768045,7,3,5,5,7,7,10,5,8,7,5,8,7,7.6,7,7,5,3,7,5,7,5,7,5,6
"178","dollar-yen_dolar-yen","dollar-yen","dollar","yen","dolar-yen","dolar","yen",8.09481179051469,7.4,6.70518820948531,8.71929340385588,7.78125,6.84320659614412,9,5,7,7,7,4,9,4,9.5,8,6,9,7,8.5,9,8.5,8,5,8,6,10,9,6.5,7,8
"180","drink-car_pít-auto","drink-car","drink","car","pít-auto","pít","auto",4.11838779212217,3.088,2.05761220787783,4.61069815907333,3.03846153846154,1.46622491784975,8,0,2,2,4,0,10,2,2,5,1,4,0,3.7,4,4,3,5,3,0,6,3,3.5,0,2
"182","drink-ear_pití-ucho","drink-ear","drink","ear","pití-ucho","pití","ucho",2.21959716628338,1.62,1.02040283371662,2.21025124397362,1.30769230769231,0.405133371410992,4,2,1,0,1,0,0,0,1,4,1,0,1,0.5,2,3,4,4,2,2,4,1,2,0,1
"184","drink-eat_pití-jíst","drink-eat","drink","eat","pití-jíst","pití","jíst",8.42449741696632,7.752,7.07950258303368,8.49321504256364,6.86538461538461,5.23755418820559,8,7,7,9,8,8,10,9,9,7,7,9,5,9.8,5,8,8,8,8,3,10,7,9,7,8
"187","drink-mother_pít-matka","drink-mother","drink","mother","pít-matka","pít","matka",4.91527948206859,4,3.08472051793141,3.99028231291729,2.65384615384615,1.31740999477501,4,1,5,1,2,2,3,0,3,7,2,5,7,7,2,5,3,8,4,5,6,5,4,2,7
"188","drink-mouth_pití-ústa","drink-mouth","drink","mouth","pití-ústa","pití","ústa",6.49893946898917,5.692,4.88506053101083,7.09517052464896,5.96153846153846,4.82790639842796,8,3,7,7,2,2,6,3,7,7,3,7,8,8.8,3,6,5,6,6,6,7,5,7.5,6,6
"193","drug-abuse_droga-zneužívání","drug-abuse","drug","abuse","droga-zneužívání","droga","zneužívání",7.75634768083171,7.024,6.29165231916829,7.95208755603083,6.84615384615385,5.74022013627686,8,5,7,6,7,9,10,2,7,7,5,8,9,8.6,7,6,7,7,8,7,9,7,9,4,6
"194","energy-crisis_energie-krize","energy-crisis","energy","crisis","energie-krize","energie","krize",5.54610357479803,4.556,3.56589642520197,7.17528247291914,5.9375,4.69971752708086,4,4,7,2,7,6,3,0,3,7,2,8,3,7.4,3,3,5,4,4,6,8,5,8.5,4,0
"195","energy-laboratory_energie-laboratoř","energy-laboratory","energy","laboratory","energie-laboratoř","energie","laboratoř",4.44622292607529,3.624,2.80177707392471,6.39251666940491,5.09375,3.79498333059509,2,4,3,1,7,0,2,0,3,5,2,5,5,6.6,4,5,2,4,6,5,7,3,3,4,2
"196","energy-secretary_energie-tajemník","energy-secretary","energy","secretary","energie-tajemník","energie","tajemník",2.48010489560081,1.78,1.07989510439919,2.66549601537744,1.8125,0.959503984622561,0,4,0,4,0,1,5,0,3,5,1,2,3,2,2,3,3,2.5,1,3,0,0,0,0,0
"200","environment-ecology_životní prostředí-ekologie","environment-ecology","environment","ecology","životní prostředí-ekologie","životní prostředí","ekologie",8.57473504201316,7.896,7.21726495798684,9.20012457674548,8.8125,8.42487542325452,9,6,7,7,8,9,10,2,10,8,8,9,10,8.4,8,8,8,7,8,7,10,7,8,7,8
"202","equipment-maker_vybavení-výrobce","equipment-maker","equipment","maker","vybavení-výrobce","vybavení","výrobce",5.26749235434207,4.4,3.53250764565793,6.87041561544822,5.90625,4.94208438455178,8,5,2,6,5,1,2,0,3,6,3,6,6,6,2,3,5,5,5,4,8,5,6,2,6
"205","exhibit-memorabilia_exponát-memorabilia","exhibit-memorabilia","exhibit","memorabilia","exponát-memorabilia","exponát","memorabilia",6.5227934539298,5.576,4.6292065460702,6.56925342479635,5.3125,4.05574657520365,5,5,6,7,9,6,5,3,6,6,6,9,3,8.4,5,7,3,4,8,4,10,3,6,0,5
"207","experience-music_zkušenost-hudba","experience-music","experience","music","zkušenost-hudba","zkušenost","hudba",2.81813948445084,1.908,0.997860515549164,4.84276625665825,3.46875,2.09473374334175,1,4,1,5,2,0,0,0,1,7,2,7,5,3.7,0,3,1,2,2,0,0,1,0,0,0
"208","family-planning_rodina-plánování","family-planning","family","planning","rodina-plánování","rodina","plánování",7.04694409026131,6.116,5.18505590973869,7.3420429276739,6.25,5.1579570723261,7,2,5,7,5,8,10,2,7,6,3,7,8,8.9,8,5,5,6,7,5,10,5,2,7,7
"209","FBI-fingerprint_FBI-otisk prstu","FBI-fingerprint","FBI","fingerprint","FBI-otisk prstu","FBI","otisk prstu",7.49354564865858,6.94,6.38645435134142,7.62456194167886,6.9375,6.25043805832114,6,3,6,6,8,7,8,6,8,7,4,8,9,8,7,6.5,7,8,7,7,8,8,8,6,7
"211","FBI-investigation_FBI-vyšetřování","FBI-investigation","FBI","investigation","FBI-vyšetřování","FBI","vyšetřování",8.22046322049104,7.792,7.36353677950896,8.86176197575111,8.3125,7.76323802424889,9,6,7,7,8,8,10,7,9,7,7,8,9,9.3,8,7,8,7,7,8,9,8,8.5,6,7
"213","fertility-egg_plodnost-vejce","fertility-egg","fertility","egg","plodnost-vejce","plodnost","vejce",7.99555764349438,7.144,6.29244235650562,7.85951350288136,6.69230769230769,5.52510188173402,8,4,7,7,9,1,10,7,9,7,8,9,8,9.1,9,4.5,8,8,8,4,9,6,6,6,7
"215","fighting-defeating_zápas-porážka","fighting-defeating","fighting","defeating","zápas-porážka","zápas","porážka",7.59565019207696,6.88,6.16434980792304,8.10250595981668,7.40625,6.70999404018332,4,5,7,8,7,7,10,4,8,7,4,8,9,8,4,6.5,7,6,7,7,10,8,8.5,6,6
"217","five-month_pět-měsíc","five-month","five","month","pět-měsíc","pět","měsíc",3.37968254001395,2.5,1.62031745998605,4.34543394282324,3.375,2.40456605717676,1,0,0,0,1,0,0,0,4,5,4,2,3,5,4,4,3,2,5,3,7,1,5.5,0,3
"219","focus-life_zaměření-život","focus-life","focus","life","zaměření-život","zaměření","život",3.92424247938989,2.852,1.77975752061011,5.44135114132881,4.0625,2.68364885867119,5,1,0,1,6,0,0,0,6,6,1,4,5,7.3,3,1,3,3,7,2,2,1,7,0,0
"222","food-fruit_jídlo-ovoce","food-fruit","food","fruit","jídlo-ovoce","jídlo","ovoce",8.37481382476351,7.676,6.97718617523649,8.13740734355849,7.51923076923077,6.90105419490305,7,6,7,8.5,8,8,10,1,9,8,7,8,9,8.4,8,8,8,9,7,7,10,7,8,7,8
"223","food-preparation_jídlo-příprava","food-preparation","food","preparation","jídlo-příprava","jídlo","příprava",6.40210850892671,5.596,4.78989149107329,6.97839045212175,6.21875,5.45910954787825,8,2,4,6,6,6,7,2,7,7,4,8,4,7.9,7,5,4,4,7,6,9,2,6,5,6
"224","food-rooster_jídlo-kohout","food-rooster","food","rooster","jídlo-kohout","jídlo","kohout",4.48490800340587,3.46,2.43509199659413,5.76213783654392,4.42307692307692,3.08401600960992,2,4,1,8,8,2,0,0,4,4,5,7,3,3.5,1,3,5,7,6,0,5,2,4,1,1
"225","football-basketball_fotbal-basketbal","football-basketball","football","basketball","fotbal-basketbal","fotbal","basketbal",7.76192031646258,7.028,6.29407968353742,7.92834441394687,6.80769230769231,5.68704020143775,8,5,7,5,7,3,10,3,7,8,6,8,8,8.7,8,8,8,6,8,6,10,8,6,6,8
"227","football-soccer_fotbal-kopaná","football-soccer","football","soccer","fotbal-kopaná","fotbal","kopaná",9.72669113094368,9.392,9.05730886905632,9.58372550250874,9.03076923076923,8.47781295902972,9,10,9,9,10,9,10,10,10,8,9,10,10,9.9,9,9.9,9,7,9,8,10,10,10,10,10
"228","football-tennis_fotbal-tenis","football-tennis","football","tennis","fotbal-tenis","fotbal","tenis",7.80898682547569,7.112,6.41501317452431,7.70751263642666,6.63461538461539,5.56171813280411,8,5,7,6,7,4,10,3,7,8,6,8,6,8.8,8,8.5,8,5,8,6,10,8,7.5,7,8
"229","forest-graveyard_les-hřbitov","forest-graveyard","forest","graveyard","les-hřbitov","les","hřbitov",3.78123725670443,2.992,2.20276274329557,2.91714032663241,1.84615384615385,0.77516736567528,2,3,1,2,4,4,8,0,2,4,3,3,1,2.3,1,5,3,3,6,2,4,3,6.5,1,1
"230","fuck-sex_šoustání-sex","fuck-sex","fuck","sex","šoustání-sex","šoustání","sex",9.59596649618509,9.212,8.82803350381491,9.90447836661915,9.44230769230769,8.98013701799624,10,10,8,9,10,9,10,10,10,8,7,10,10,9.8,8,8.5,9,9,8,8,10,9,10,10,10
"233","furnace-stove_pec-kamna","furnace-stove","furnace","stove","pec-kamna","pec","kamna",8.95014158667941,8.556,8.16185841332059,9.44653111429595,8.78846153846154,8.13039196262712,8,8,8,7,8,8,10,8,10,8,7,9,10,9.9,9,9,7,8,8,9,10,9,9,8,9
"235","game-defeat_hra-porážka","game-defeat","game","defeat","hra-porážka","hra","porážka",7.57676991542372,7.112,6.64723008457628,7.53992238903909,6.96875,6.39757761096091,7,6,7,6,7,7,9,7,9,7,5,8,7,8.8,8,7.5,7,5,7,7,9,6,6.5,6,8
"236","game-round_hra-kolo","game-round","game","round","hra-kolo","hra","kolo",6.77959825206732,5.828,4.87640174793268,6.94389665985421,5.96875,4.99360334014579,2,4,5,6,7,3,9,6,8,6,5,7,9,8.7,9,2,2,8,5,3,7,7,4,5,8
"237","game-series_hra-série","game-series","game","series","hra-série","hra","série",4.99259052690332,4.02,3.04740947309668,7.15976093021309,6.1875,5.21523906978691,2,1,6,3,1,2,2,7,3,7,2,6,8,7,3,3.5,2,7,7,2,1,2,5,5,6
"238","game-team_hra-tým","game-team","game","team","hra-tým","hra","tým",7.94423617350667,7.31,6.67576382649333,8.28622964063244,7.6875,7.08877035936756,4,6,5,7,9,8,10,7,8,7,7,9,8,9,5,7,8,8,6,7,10,6,8.75,6,7
"239","game-victory_hra-vítězství","game-victory","game","victory","hra-vítězství","hra","vítězství",7.40747828312225,6.84,6.27252171687775,7.63465440367787,7.03125,6.42784559632213,4,7,7,7,8,8,9,7,9,7,4,8,7,8,7,7,7,5,6,6,9,5,6,6,7
"241","gem-jewel_klenot-šperk","gem-jewel","gem","jewel","klenot-šperk","klenot","šperk",9.05201986545812,8.538,8.02398013454188,9.73640986444514,8.96153846153846,8.18666705863178,8,6,8,7,10,9,10,10,9,8,8,10,10,9.7,9,9,8,7,8,6,10,9,8.75,7,9
"244","gender-equality_pohlaví-rovnost","gender-equality","gender","equality","pohlaví-rovnost","pohlaví","rovnost",7.07376284703937,6.36,5.64623715296063,7.44142462074146,6.40625,5.37107537925854,7,5,3,8,6,8,10,5,6,6,5,8,4,8,8,5,8,5,8,6,9,5,5,6,5
"246","glass-magician_sklenice-kouzelník","glass-magician","glass","magician","sklenice-kouzelník","sklenice","kouzelník",3.50507475276393,2.692,1.87892524723607,3.77651057732617,2.07692307692308,0.377335576519987,4,1,0,1,3,1,6,0,1,7,1,6,1,2.3,3,5,3,4,4,2,2,4,3,3,0
"247","glass-metal_sklo-kov","glass-metal","glass","metal","sklo-kov","sklo","kov",7.84305437619435,6.88,5.91694562380565,6.59151323876348,5.5625,4.53348676123652,8,4,7,8,2,0,10,7,8,8,5,8,6,9,8,8,8,4,8,7,10,7,8,6,8
"248","government-crisis_vláda-krize","government-crisis","government","crisis","vláda-krize","vláda","krize",6.17409530696546,5.336,4.49790469303454,7.26320221912888,6.5625,5.86179778087112,4,6,5,6,7,4,9,0,6,7,2,7,5,7.4,7,4,5,3,7,6,8,3,4,5,6
"249","governor-interview_guvernér-rozhovor","governor-interview","governor","interview","guvernér-rozhovor","guvernér","rozhovor",4.57742018197904,3.68,2.78257981802096,4.40930740590729,3.25,2.09069259409271,7,1,3,4,4,6,5,0,5,5,2,1,3,9,5,5,3,4,6,3,1,1,4,4,1
"251","governor-office_guvernér-úřad","governor-office","governor","office","guvernér-úřad","guvernér","úřad",7.33474481989538,6.492,5.64925518010462,7.43022643900443,6.34375,5.25727356099557,8,6,7,4,8,8,10,4,9.5,6,4,7,8,8.8,4,8,3,3,6,5,9,7,7,5,7
"253","grocery-money_potraviny-peníze","grocery-money","grocery","money","potraviny-peníze","potraviny","peníze",5.32300349649286,4.4,3.47699650350714,6.90488129624493,5.9375,4.97011870375507,4,2,2,6,5,3,9,0,7,6,2,6,3,7,3,5,6,5,6,3,8,3,4,1,4
"254","Harvard-Yale_Harvard-Yale","Harvard-Yale","Harvard","Yale","Harvard-Yale","Harvard","Yale",8.81978500726558,8.332,7.84421499273442,9.35751427056085,8.125,6.89248572943915,8,8,7,8,9,6,10,7,10,8,7,8,9,9.4,7,9.5,9,8.9,9,6,10,8,9.5,8,9
"255","holy-sex_svatý-sex","holy-sex","holy","sex","svatý-sex","svatý","sex",2.87325635024042,2.06,1.24674364975958,2.93330113336178,1.61538461538462,0.297468097407451,5,0,4,1,1,0,0,0,3,1,2,4,0,7,0,4,1,4,2,2,3,5,0.5,1,1
"256","hospital-infrastructure_nemocnice-infrastruktura","hospital-infrastructure","hospital","infrastructure","nemocnice-infrastruktura","nemocnice","infrastruktura",5.38847386589984,4.52,3.65152613410016,5.55560415033945,4.625,3.69439584966055,4,3,7,2,8,1,2,2,6,8,5,7,3,4,4,7,6,3,4,4,8,4,4,2,5
"257","hotel-reservation_hotel-rezervace","hotel-reservation","hotel","reservation","hotel-rezervace","hotel","rezervace",7.91039039803428,7.296,6.68160960196572,8.49240178506533,8.03125,7.57009821493467,6,6.5,7,8.5,7,8,9,4,9,7,3,8,8,8.9,7,6.5,8,7,7,8,10,7,8,7,7
"258","hundred-percent_sto-procento","hundred-percent","hundred","percent","sto-procento","sto","procento",7.5276936865675,6.504,5.4803063134325,8.40228718794461,7.375,6.34771281205539,6,3,7,1,8,4,10,0,9,7,7,8,7,9.6,7,8,7,7,5,7,10,5,8,6,6
"260","championship-tournament_šampionát-turnaj","championship-tournament","championship","tournament","šampionát-turnaj","šampionát","turnaj",8.62036564358023,8.096,7.57163435641977,8.93486791914626,8.359375,7.78388208085374,9,8,7,6,9,9,6,7,9,8,8,10,7,9.4,8,9,7,6,7,8,10,9,10,7,9
"261","chance-credibility_šance-důvěryhodnost","chance-credibility","chance","credibility","šance-důvěryhodnost","šance","důvěryhodnost",4.2892508498898,3.22,2.1507491501102,5.05654549379622,3.875,2.69345450620378,1,2,1,6,2,5,8,0,8,3,1,4,8,3,6,1,2,4,3,2,0,1,6.5,0,3
"264","change-attitude_změna-postoj","change-attitude","change","attitude","změna-postoj","změna","postoj",6.59525644975754,5.512,4.42874355024246,6.55471221235566,5.4375,4.32028778764434,3,1,5,4,8,6,10,0,8,7,7,8,5,7.8,2,6,4,6,6,4,9,1,8,6,6
"265","chord-smile_akord-úsměv","chord-smile","chord","smile","akord-úsměv","akord","úsměv",2.83565412533237,1.88,0.924345874667625,1.12306633788557,0.538461538461538,-0.0461432609624904,1,0,0,1,2,0,1,0,3,6,1,0,2,4,3,6,1,8,3,0,0,0,5,0,0
"266","image-surface_zobrazení-povrch","image-surface","image","surface","zobrazení-povrch","zobrazení","povrch",5.20108469106052,4.048,2.89491530893948,5.74554650498006,4.5625,3.37945349501994,4,2,2,2,7,8,7,0,5,5,1,5,5,8.7,1,4,2,8,4,2,8,1,7.5,2,0
"268","impartiality-interest_nestrannost-zájem","impartiality-interest","impartiality","interest","nestrannost-zájem","nestrannost","zájem",6.6163521725403,5.6,4.5836478274597,6.78335368051001,5.15625,3.52914631948999,9,8,6,7,2,5,3,2,3,6,1,6,7,9,6,4,4,4.5,8,5,10,3,6.5,6,9
"269","investigation-effort_vyšetřování-snaha","investigation-effort","investigation","effort","vyšetřování-snaha","vyšetřování","snaha",5.68380039991083,4.584,3.48419960008917,5.73337289977456,4.59375,3.45412710022544,1,3,6,7,5,3,0,0,9,6,1,7,6,6.7,6,5,4,8.4,3,5,0,3,7.5,6,6
"271","investor-earning_investor-výdělek","investor-earning","investor","earning","investor-výdělek","investor","výdělek",7.54858511981187,6.936,6.32341488018813,7.79550379900456,7.125,6.45449620099544,4,6,6,8,8,8,10,6,10,7,4,7,6,8.4,8,6,7,7,7,6,5,7,8,7,7
"274","jaguar-car_jaguár-auto","jaguar-car","jaguar","car","jaguár-auto","jaguár","auto",8.37157469385193,7.5,6.62842530614807,8.36292620228498,7.26923076923077,6.17553533617656,9,6,0,8,10,8,10,7,9,6,6,8,9,8.5,5,7,8,8,8,7,10,9,6,6,9
"276","jaguar-cat_jaguár-kočka","jaguar-cat","jaguar","cat","jaguár-kočka","jaguár","kočka",7.85214099577397,7.028,6.20385900422603,8.18192266602122,7.42307692307692,6.66423118013263,9,6,7,5,7,8,10,2,9,8,6,8,8,8.2,2,8,8,6,6,6,10,8,6.5,6,8
"277","Japanese-American_Japonec-Američan","Japanese-American","Japanese","American","Japonec-Američan","Japonec","Američan",7.84477146159901,6.836,5.82722853840099,7.55231889607373,6.5,5.44768110392627,8,5,7,7,8,2,9,0,10,8,6,8,3,6.9,9,8,8,4,8,6,10,8,7,6,9
"278","Jerusalem-Israel_Jeruzalém-Izrael","Jerusalem-Israel","Jerusalem","Israel","Jeruzalém-Izrael","Jeruzalém","Izrael",8.65621137111001,8.052,7.44778862888998,8.91411285190505,8.46153846153846,8.00896407117187,8,7,8,6,9,8,10,5,10,7,7,8,10,9.8,8,8,8,5,8,7,10,9,9.5,7,9
"279","Jerusalem-Palestinian_Jeruzalém-Palestinec","Jerusalem-Palestinian","Jerusalem","Palestinian","Jeruzalém-Palestinec","Jeruzalém","Palestinec",8.51357834782232,7.832,7.15042165217768,8.62028059000804,7.65384615384615,6.68741171768426,9,5,7,9,8,10,10,6,10,8,7,9,4,8.8,8,6.5,8,8,9,5,10,9,7.5,7,7
"281","journal-association_časopis-sdružení","journal-association","journal","association","časopis-sdružení","časopis","sdružení",4.09865064208701,3.232,2.36534935791299,6.26842728593705,4.96875,3.66907271406295,6,1.5,2,1,2,0,2,0,6,6,1,5,4,6.3,2,4,2,5,4,2,7,1,3,5,3
"284","journey-car_cesta-automobil","journey-car","journey","car","cesta-automobil","cesta","automobil",7.17377054950347,6.512,5.85022945049652,6.53719041808991,5.84615384615385,5.15511727421778,7,5,5,7,8,8,10,4,9,6,5,7,4,7.8,6,6,4,8,7,5,7,8,7,7,5
"286","journey-voyage_cesta-putování","journey-voyage","journey","voyage","cesta-putování","cesta","putování",8.9952064861124,8.6,8.2047935138876,10.0682265184202,9.28846153846154,8.50869655850283,10,6,9,8,9,10,9,8,10,9,9,9,9,8,8,8,8,7,9,8,8,9,9,8,10
"290","king-cabbage_král-kapusta","king-cabbage","king","cabbage","král-kapusta","král","kapusta",1.23533830638879,0.68,0.124661693611207,0.495769659113266,0.230769230769231,-0.0342311975748049,4,1,0,0,0,0,0,0,0,4,1,0,0,0,0,2,0,1,4,0,0,0,0,0,0
"291","king-queen_král-královna","king-queen","king","queen","král-královna","král","královna",9.10020949458784,8.776,8.45179050541216,9.08320568439859,8.57692307692308,8.07064046944756,9,7,8,9,9,9,10,8,9.5,8,8,9,10,9.9,8,9,8,9,8,9,10,9,9,8,9
"292","king-rook_král-věž","king-rook","king","rook","král-věž","král","věž",7.05752086537148,6.112,5.16647913462852,7.60918227979749,5.92307692307692,4.23697156635636,7,2,5,3,10,5,9,5,8,7,3,5,4,7.8,7,7,2,7,4,5,10,7,8,7,8
"295","lad-brother_hoch-bratr","lad-brother","lad","brother","hoch-bratr","hoch","bratr",6.42684136542301,5.5,4.57315863457699,5.66673213017261,4.46153846153846,3.25634479290431,9,4,4,6,9,9,4,2,6,3,6,1,3,4.5,4,8,6,8,7,5,6,3,6,6,8
"297","lad-wizard_chlapec-čaroděj","lad-wizard","lad","wizard","chlapec-čaroděj","chlapec","čaroděj",4.17429545245456,3.352,2.52970454754544,1.72101722473125,0.923076923076923,0.125136621422593,1,3,2,6,5,4,0,0,1,6,4,1,5,3.3,5,6,4,2,4,2,4,1,3.5,4,7
"300","law-lawyer_právo-právník","law-lawyer","law","lawyer","právo-právník","právo","právník",8.7533772415261,8.336,7.9186227584739,9.17592754865106,8.38461538461539,7.59330322057971,8,6,7,8,8,9,10,8,9.5,8,7,9,8,9.9,8,8.5,9,8,8,8,10,9,9.5,8,7
"301","lawyer-evidence_právník-důkazy","lawyer-evidence","lawyer","evidence","právník-důkazy","právník","důkazy",7.53852557179028,6.68,5.82147442820972,7.98501352816636,6.6875,5.38998647183364,5,3,6,8,8,9,10,3,8,7,6,8,7,7.8,1,6,8,7.7,6,5,9,7,8.5,6,7
"304","liability-insurance_pojištění-odpovědnosti","liability-insurance","liability","insurance","pojištění-odpovědnosti","pojištění","odpovědnosti",7.679146366793,6.802,5.924853633207,7.91473492603287,7.03125,6.14776507396713,2,4,5,5,8,9,9,7,10,4,7,8,6,9.3,9,8,7,6,7,6,10,4,8.75,5,6
"307","life-death_život-smrt","life-death","life","death","život-smrt","život","smrt",9.27911405009586,8.596,7.91288594990414,9.19286969815122,7.875,6.55713030184878,7,3,7,9,10,8,10,9,10,9,6,9,10,9.9,9,9,9,9,9,7,10,9,10,7,10
"308","life-lesson_život-lekce","life-lesson","life","lesson","život-lekce","život","lekce",6.04950878044441,5.152,4.25449121955559,7.04193148051552,5.9375,4.83306851948448,7,5,2,5,5,6,8,4,8,6,2,5,7,9.8,2,3,4,8,3,5,5,3,8,5,3
"309","life-term_život-doba","life-term","life","term","život-doba","život","doba",6.74072480073668,5.74,4.73927519926332,5.94299816380596,4.5,3.05700183619404,7,7.5,6,7.5,4,4,0,9,9,7,2,7,4,7,5,6.5,5,9,6,5,8,7,7,3,1
"314","line-insurance_linka-pojištění","line-insurance","line","insurance","linka-pojištění","linka","pojištění",2.96988980323087,2.28,1.59011019676913,3.94425342479635,2.6875,1.43074657520365,0,1,0,1,1,2,2,2,4,3,2,5,4,2,1,3,6,3,4,1,1,0,1,3,5
"318","liquid-water_kapalina-voda","liquid-water","liquid","water","kapalina-voda","kapalina","voda",8.75201929831656,8.14,7.52798070168344,8.53772698798938,7.890625,7.24352301201062,9,7,7,8,9,9,9,5,10,8,9,8,10,8.5,9,8,9,8,8,7,10,9,9,6,4
"319","listing-category_seznam-kategorie","listing-category","listing","category","seznam-kategorie","seznam","kategorie",6.89517641471743,6.12,5.34482358528257,7.58816433621526,6.375,5.16183566378474,9,4,7,4,6,8,5,7,6,7,3,8,6,2,9,7,4,6,7,7,8,3,7,6,7
"324","listing-proximity_seznam-blízkost","listing-proximity","listing","proximity","seznam-blízkost","seznam","blízkost",2.41781058877696,1.704,0.990189411223037,3.59151323876348,2.5625,1.53348676123652,3,0,3,1,2,0,0,2,4,4,1,0,2,0.6,6,3,1,3,3,0,4,0,0,0,0
"325","lobster-food_humr-jídlo","lobster-food","lobster","food","humr-jídlo","humr","jídlo",7.95892026969011,7.144,6.32907973030989,8.59609764746847,7.8125,7.02890235253153,7,6,7,8,8,7,10,0,9.5,5,7,8,10,8.6,7,6,8,7,7,7,9,8,5.5,6,7
"326","lobster-wine_humr-víno","lobster-wine","lobster","wine","humr-víno","humr","víno",5.57094610647301,4.44,3.30905389352699,6.91357398768455,5.703125,4.49267601231545,8,2,5,3,2,0,10,0,6,8,3,7,0,7,3,5,4,4,7,4,8,3,4,2,6
"327","love-sex_láska-sex","love-sex","love","sex","láska-sex","láska","sex",8.32811338827131,7.748,7.16788661172869,7.93040446805125,6.76923076923077,5.60805707041029,8,4,7,8,9,8,10,8,9,7,6,8,7,8.7,8,8.5,8,6,8,5,10,8,8.5,7,9
"328","lover-quarrel_milenec-hádka","lover-quarrel","lover","quarrel","milenec-hádka","milenec","hádka",6.77959825206732,5.828,4.87640174793268,7.22567037799155,6.1875,5.14932962200845,2,1,7,4,8,5,8,3,6,8,5,7,1,8.7,6,7,6,4,7,5,9,8,8,5,7
"330","luxury-car_luxus-auto","luxury-car","luxury","car","luxus-auto","luxus","auto",6.92655599994056,6.088,5.24944400005944,7.18013459063465,6.46875,5.75736540936535,7,4,5,4,7,7,9,0,8,6,3,6,7,9.2,7,4,6,6,7,6,9,7,6,5,7
"331","magician-wizard_kouzelník-čaroděj","magician-wizard","magician","wizard","kouzelník-čaroděj","kouzelník","čaroděj",9.55931702054616,9.172,8.78468297945384,9.81496782608628,9.01923076923077,8.22349371237526,10,9.5,9,8,9,10,6,10,10,9,8,9,9,9.9,9,9.9,9,8,9,9,10,10,10,10,9
"332","man-governor_muž-guvernér","man-governor","man","governor","muž-guvernér","muž","guvernér",6.1642004937053,5.18,4.1957995062947,6.39699582785142,5.25,4.10300417214858,7,3,3,4,3,2,9,0,9,6,4,9,5,9,5,6.5,4,5,4,4,6,3,8,5,6
"334","man-woman_muž-žena","man-woman","man","woman","muž-žena","muž","žena",9.15047291226975,8.58,8.00952708773025,9.41590583499279,8.296875,7.17784416500721,9,8,9,8.5,8,6,10,10,10,8,5,9,10,10,9,9,8,9,9,6,10,8,9,7,10
"335","Maradona-football_Maradona-fotbal","Maradona-football","Maradona","football","Maradona-fotbal","Maradona","fotbal",8.85060993631405,8.224,7.59739006368595,9.30387592426369,8.61538461538461,7.92689330650554,8,7,7,8,10,10,10,4,10,8,7,8,10,9.6,9,6,8,9,8,7,10,9,9,7,7
"336","marathon-sprint_maratón-sprint","marathon-sprint","marathon","sprint","maratón-sprint","maratón","sprint",7.99003723370462,7.348,6.70596276629538,8.09524110660947,7.46875,6.84225889339053,8,4,7,5,8,8,7,8,8,7,6,5,6,9.2,9,8,8,5.5,8,6,10,9,9,6,9
"339","Mars-scientist_Mars-vědec","Mars-scientist","Mars","scientist","Mars-vědec","Mars","vědec",6.62457588150943,5.704,4.78342411849057,6.95715596597486,5.625,4.29284403402514,4,2,7,5,8,1,10,3,8,8,3,7,6,7.6,5,6,7,7,7,3,7,7,3,6,5
"340","Mars-water_Mars-voda","Mars-water","Mars","water","Mars-voda","Mars","voda",6.14376052634386,5.232,4.32023947365614,4.31977899283685,2.9375,1.55522100716315,6,5,3,5,10,2,8,4,8,7,4,6,3,8.8,8,5,3,5,5,4,8,4,3,3,3
"342","media-gain_média-výtěžek","media-gain","media","gain","média-výtěžek","média","výtěžek",3.47589980032487,2.56,1.64410019967513,4.04041442308431,2.875,1.70958557691569,2,2,1,7,3,0,0,2,3,4,1,3,7,2,3,3,2,5,1,5,7,1,0,0,0
"345","media-radio_média-rozhlas","media-radio","media","radio","média-rozhlas","média","rozhlas",7.92773671313004,7.152,6.37626328686996,8.20171534577031,7.42307692307692,6.64443850038354,3,5,7,9,7,8,10,2,9.5,8,6,8,6,7.3,8,8,8,6,7,7,10,8,7,6,8
"346","media-trading_média-obchodování","media-trading","media","trading","média-obchodování","média","obchodování",4.20145625787029,3.32,2.43854374212971,5.11897976648299,3.875,2.63102023351701,4,4,2,7,1,1,0,0,4,6,1,6,5,6,2,5,6,5,4,2,4,3,3,2,0
"348","Mexico-Brazil_Mexiko-Brazílie","Mexico-Brazil","Mexico","Brazil","Mexiko-Brazílie","Mexiko","Brazílie",7.63252482290256,6.644,5.65547517709744,8.35465818231179,7.4375,6.52034181768821,8,4,7,4,7,1,10,3,9,8,6,8,3,8.6,7,8,9,5,9,5,10,8,4.5,6,8
"351","midday-noon_poledne-dvanáctá","midday-noon","midday","noon","poledne-dvanáctá","poledne","dvanáctá",9.28010510102478,8.792,8.30389489897522,10.0682265184202,9.28846153846154,8.50869655850283,9,6,8,8,9,9,10,10,9,8,7,10,10,9.8,7,9,8,9,9,8,10,10,10,7,10
"352","mile-kilometer_míle-kilometr","mile-kilometer","mile","kilometer","míle-kilometr","míle","kilometr",8.49895226342096,8.016,7.53304773657904,9.01658936510429,8.65625,8.29591063489571,9,7,8,7,7,9,9,6,9,7,6,8,9,9.9,8,9,7,7,8,7,10,8,9.5,7,9
"353","minister-party_ministr-strana","minister-party","minister","party","ministr-strana","ministr","strana",7.38947328366647,6.642,5.89452671633353,7.71920753421357,6.625,5.53079246578643,4,3.5,6,6,8,9,10,7,10,6,7,7,4,7.3,3,7,8,6.25,8,6,5,8,7,6,7
"354","ministry-culture_ministerstvo-kultura","ministry-culture","ministry","culture","ministerstvo-kultura","ministerstvo","kultura",7.42499298987129,6.36,5.29500701012871,5.73021879134953,4.6875,3.64478120865047,4,2,0,1,8,8,9,3,8,7,8,8,9,9,5,7,8,6,7,8,8,6,9,5,6
"356","minority-peace_minorita-mír","minority-peace","minority","peace","minorita-mír","minorita","mír",4.11852890736023,3.28,2.44147109263977,4.78332818314054,3.6875,2.59167181685946,6,0,4,3,3,1,9,0,4,6,3,4,5,2,2,3,3,4,5,1,5,3,2,2,2
"357","money-bank_peníze-banka","money-bank","money","bank","peníze-banka","peníze","banka",8.2643203779347,7.78,7.2956796220653,9.14095052701574,8.5,7.85904947298426,9,8,7,8.5,7,8,10,6,9,6,6,8,8,9,7,8,7,8,8,7,10,8,9,6,7
"358","money-cash_peníze-hotovost","money-cash","money","cash","peníze-hotovost","peníze","hotovost",9.20270189614431,8.784,8.36529810385569,9.69693542228606,9.15384615384615,8.61075688540625,7,8,8,9,10,9,10,8,10,8,9,9,8,9.6,8,9.5,9,7,8,7,10,10,9.5,9,10
"3581","money-cash_peníze-hotovost","money-cash","money","cash","peníze-hotovost","peníze","hotovost",9.20270189614431,8.784,8.36529810385569,9.9121299904623,9.07692307692308,8.24171616338385,7,8,8,9,10,9,10,8,10,8,9,9,8,9.6,8,9.5,9,7,8,7,10,10,9.5,9,10
"359","money-currency_peníze-měna","money-currency","money","currency","peníze-měna","peníze","měna",8.12429693654397,7.532,6.93970306345603,9.83272637008404,9.03846153846154,8.24419670683903,7,5,7,8,9,5,10,4,8,8,8,7,6,8.8,8,7.5,8,7,8,6,9,9,9,8,8
"360","money-deposit_peníze-vklad","money-deposit","money","deposit","peníze-vklad","peníze","vklad",7.48917183511878,6.84,6.19082816488122,8.47717403674162,7.73076923076923,6.98436442479684,7,4,6,6,9,8,9,5,9,5,5,8,7,9,8,7,6,7,8,6,9,6,4,6,7
"361","money-dollar_peníze-dolar","money-dollar","money","dollar","peníze-dolar","peníze","dolar",8.56651420032632,8.08,7.59348579967368,9.19188270312775,8.42307692307692,7.65427114302609,9,7,7,8.5,10,9,9,5,10,8,7,8,9,8.5,7,7,8,8,7,8,10,9,8,7,8
"362","money-laundering_peníze-praní","money-laundering","money","laundering","peníze-praní","peníze","praní",7.1046941212484,6.18,5.2553058787516,7.09965766451081,5.65384615384615,4.2080346431815,9,4,2,5,9,9,9,6,2,7,4,7,6,8,8,6,4,7,7,6,9,2,7.5,5,6
"363","money-operation_peníze-operace","money-operation","money","operation","peníze-operace","peníze","operace",5.79984320302463,4.984,4.16815679697537,4.17588051887796,3.30769230769231,2.43950409650666,7,2,5,4,8,4,8,6,7,6,3,6,4,7.6,3,5,6,6,6,3,6,5,4,0,3
"365","money-possession_peníze-vlastnictví","money-possession","money","possession","peníze-vlastnictví","peníze","vlastnictví",7.28686603397449,6.62,5.95313396602551,8.043441511264,7.28846153846154,6.53348156565908,6,3,5,8,9,5,9,6,9,5,6,9,7,8,7,5,6,7,6,4,8,7,7.5,6,7
"366","money-property_peníze-majetek","money-property","money","property","peníze-majetek","peníze","majetek",7.81493561062154,7.24,6.66506438937846,8.21953676406554,7.57307692307692,6.9266170820883,6,4,5,7,7,8,10,7,9,7,5,9,7,7,9,8,7,7,7,7,9,6,8,7,8
"367","money-wealth_peníze-bohatství","money-wealth","money","wealth","peníze-bohatství","peníze","bohatství",8.6223839134029,7.988,7.3536160865971,9.09315058402934,8.26923076923077,7.4453109544322,6,6,8,9,7,10,10,5,10,7,8,9,8,9.2,9,9,8,5,8,6,10,8,9.5,7,8
"368","money-withdrawal_peníze-výběr","money-withdrawal","money","withdrawal","peníze-výběr","peníze","výběr",7.08109000107422,6.34,5.59890999892578,8.15551279255908,6.88461538461539,5.61371797667169,6,4.5,5,8,7,9,9,3,7,7,5,8,8,8,8,5,6,5,7,6,9,4,5,3,6
"370","monk-oracle_mnich-věštba","monk-oracle","monk","oracle","mnich-věštba","mnich","věštba",3.39682798368582,2.536,1.67517201631418,6.25793817372218,5,3.74206182627782,1,1,2,3,1,10,2,0,3,4,2,4,2,5.4,2,4,2,2,3,1,0,2,4,3,0
"373","monk-slave_mnich-otrok","monk-slave","monk","slave","mnich-otrok","mnich","otrok",3.56974755061321,2.64,1.71025244938679,1.55018239373248,0.923076923076923,0.295971452421368,1,1,1,5,1,0,0,0,8,4,2,3,0,6,3,6,1,2,5,2,4,1,5,4,1
"374","month-hotel_měsíc-hotel","month-hotel","month","hotel","měsíc-hotel","měsíc","hotel",3.20256135125361,2.308,1.41343864874639,2.70878129234311,1.8125,0.916218707656888,2,1,1,0,0,0,5,0,5,7,1,1,0,6.7,4,2,1,3,3,3,4,1,0,2,5
"377","morality-importance_moralita-význam","morality-importance","morality","importance","moralita-význam","moralita","význam",4.48545494295968,3.372,2.25854505704032,4.50748672177914,3.3125,2.11751327822086,3,2,1,6,3,0,3,1,7,5,1,7,5,8.3,5,2,4,7,3,2,0,1,8,0,0
"379","morality-marriage_moralita-manželství","morality-marriage","morality","marriage","moralita-manželství","moralita","manželství",4.99105417654524,3.868,2.74494582345476,4.63511152164128,3.6875,2.73988847835872,7,2,5,4,4,0,0,1,9,5,1,7,5,8.7,5,4,2,6,5,4,7,2,3,0,0
"382","movie-critic_film-kritik","movie-critic","movie","critic","film-kritik","film","kritik",7.71065616718479,7.068,6.42534383281521,7.92425223781492,6.73076923076923,5.53728622372354,7,4,6,6,5,8,10,6,9,7,5,8,7,9.7,8,7,7,5,7,6,10,7,8,7,7
"384","movie-popcorn_film-popkorn","movie-popcorn","movie","popcorn","film-popkorn","film","popkorn",6.9463784796184,6.048,5.1496215203816,7.42296770335288,6.19230769230769,4.96164768126251,3,7,5,7,4,0,10,3,8,6,5,6,7,9.2,4,6,7,7.5,8,4,7,7,7.5,6,7
"385","movie-star_film-hvězda","movie-star","movie","star","film-hvězda","film","hvězda",7.98129604656259,7.18,6.37870395343741,8.26684528634147,7.38461538461539,6.5023854828893,7,1,6,7,9,9,10,8,9,8,5,6,5,9,8,6,8,8,7,7,10,8,6.5,7,5
"386","movie-theater_film-divadlo","movie-theater","movie","theater","film-divadlo","film","divadlo",7.91812923091249,7.184,6.44987076908751,8.69188270312775,7.92307692307692,7.15427114302609,8,4,7,7,7,7,9,6,8,8,6,9,9,9.6,2,8,6,6,7,6,10,7,8,6,9
"387","murder-manslaughter_vražda-zabití","murder-manslaughter","murder","manslaughter","vražda-zabití","vražda","zabití",8.99931098198352,8.656,8.31268901801648,9.40004159742801,8.525,7.64995840257199,9,8,7,8.5,9,7,10,8,10,8,8,9,9,9.9,9,9.5,8,8,8,9,9,8,9.5,9,9
"388","museum-theater_muzeum-divadlo","museum-theater","museum","theater","muzeum-divadlo","muzeum","divadlo",7.09444564254594,6.144,5.19355435745406,8.16944745511531,7.1875,6.20555254488468,8,2,7,6,6,0,9,7,6,8,4,8,4,8.6,5,8,6,3,7,6,10,5,7,5,8
"389","music-project_hudba-projekt","music-project","music","project","hudba-projekt","hudba","projekt",3.71841210643698,2.78,1.84158789356302,4.67055150178859,3.625,2.57944849821141,1,3,0,5,8,0,5,0,1,6,5,3,5,6.5,2,2,3,3,3,0,0,3,3,1,1
"390","nature-environment_příroda-životní prostředí","nature-environment","nature","environment","příroda-životní prostředí","příroda","životní prostředí",8.04538331393297,7.356,6.66661668606703,8.80737397733178,8.3125,7.81762602266822,7,4,6,7,8,7,10,4,9.5,7,7,9,10,8.9,8,7.5,8,7,7,6,10,5,8,6,7
"392","nature-man_příroda-člověk","nature-man","nature","man","příroda-člověk","příroda","člověk",7.94272963219475,7.144,6.34527036780525,7.13097049651683,6.25,5.36902950348317,7,2.5,5,9,8,8,9,3,9,8,8,8,8,9.3,6,7,8,9.8,6,6,10,5,6,6,7
"394","network-hardware_síť-hardware","network-hardware","network","hardware","síť-hardware","síť","hardware",7.38581425140736,6.484,5.58218574859264,8.67488560168486,8.3125,7.95011439831514,6,1,7,7,6,8,10,7,9,8,2,8,9,8.1,7,7,6,2,7,5,8,6,7,6,5
"396","news-report_noviny-zpráva","news-report","news","report","noviny-zpráva","noviny","zpráva",7.94599783453056,7.536,7.12600216546944,8.73768686511822,8.15625,7.57481313488178,7,7,7,7,8,8,8,9,9,6,6,8,9,8.9,8,7.5,7,6,7,8,9,8,7,6,7
"401","noon-string_poledne-vlákno","noon-string","noon","string","poledne-vlákno","poledne","vlákno",1.15566322650865,0.672,0.188336773491354,1.00754473435601,0.538461538461538,0.0693783425670679,0,0,0,1,0,0,0,0,0,3,1,0,1,1.8,0,3,0,2,4,0,0,0,0,0,0
"402","observation-architecture_pozorování-architektura","observation-architecture","observation","architecture","pozorování-architektura","pozorování","architektura",3.37338615360419,2.64,1.90661384639581,5.40228718794461,4.375,3.34771281205539,0,3,1,4,5,0,3,0,3,4,2,5,2,4,1,2,2,6,2,3,0,5,2,5,2
"403","oil-stock_ropa-akcie","oil-stock","oil","stock","ropa-akcie","ropa","akcie",7.00989289458874,6.28,5.55010710541126,7.12640343981444,6.34375,5.56109656018556,6,4,3,7,7,5,10,7,8,7,3,7,7,9,7,6,6,4,6,5,7,8,8,6,4
"407","OPEC-country_OPEC-země","OPEC-country","OPEC","country","OPEC-země","OPEC","země",6.57657409193405,5.748,4.91942590806595,6.77405691815319,5.625,4.47594308184681,7,6,4,4,6,3,6,3,9,8,3,7,8,8.7,7,5,7,5,7,3,9,4,3,5,6
"408","OPEC-oil_OPEC-ropa","OPEC-oil","OPEC","oil","OPEC-ropa","OPEC","ropa",8.80089527012763,7.976,7.15110472987237,9.08230809800707,8.59375,8.10519190199293,7,7,8,9,10,10,10,3,10,6,9,9,9,9.9,3,7,9,9.5,9,7,10,7,6,8,7
"409","opera-industry_opera-průmysl","opera-industry","opera","industry","opera-průmysl","opera","průmysl",1.74030716909728,1.14,0.539692830902717,3.68850219523497,2.625,1.56149780476503,1,3,0,2,0,0,0,0,0,2,2,0,0,2,0,5.5,2,2,1,0,1,1,4,0,0
"410","opera-performance_opera-vystoupení","opera-performance","opera","performance","opera-vystoupení","opera","vystoupení",7.32487632109344,6.7,6.07512367890656,7.84054507574176,6.875,5.90945492425824,8,5,7,8,7,8,10,6,8,6,4,8,7,8,4,6.5,6,7,6,7,9,4,6,6,6
"412","peace-atmosphere_mír-atmosféra","peace-atmosphere","peace","atmosphere","mír-atmosféra","mír","atmosféra",3.9229239287495,3.112,2.3010760712505,4.94425342479635,3.6875,2.43074657520365,1,1,2,2,5,4,5,0,6,6,1,6,4,4.3,2,3,1,5,2,2,3,2,5.5,5,0
"413","peace-insurance_mír-pojištění","peace-insurance","peace","insurance","mír-pojištění","mír","pojištění",3.24258305947547,2.4,1.55741694052453,4.17528247291914,2.9375,1.69971752708086,3,0,3,6,1,0,5,0,6,2,1,6,3,2,1,4,2,4,5,0,2,2,2,0,0
"414","peace-plan_mír-plán","peace-plan","peace","plan","mír-plán","mír","plán",4.68109273841292,3.716,2.75090726158708,5.82456911341493,4.75,3.67543088658507,2,0,5,2,5,4,9,2,3,7,3,3,5,5.4,2,2,3,2,5,1,9,3,0.5,5,5
"416","phone-equipment_telefon-výbava","phone-equipment","phone","equipment","telefon-výbava","telefon","výbava",4.73826078625436,3.8,2.86173921374564,7.80252497265699,7.125,6.44747502734301,6,3,4,4,7,0,0,0,4,6,3,7,7,2,6,4,2,5,5,2,7,2,4,1,4
"417","physics-chemistry_fyzika-chemie","physics-chemistry","physics","chemistry","fyzika-chemie","fyzika","chemie",7.90770114338584,7.336,6.76429885661416,8.23037150083551,7.34615384615385,6.46193619147218,9,6,7,7,7,6,10,6,5,8,6,8,7,8.9,7,8.5,8,5,8,6,10,8,8,6,8
"418","physics-proton_fyzika-proton","physics-proton","physics","proton","fyzika-proton","fyzika","proton",7.91396339920765,7.192,6.47003660079235,8.96241928768564,8.11538461538461,7.26834994308359,7,7,5,7,8,7,10,2,9,7,6,8,8,9.8,8,7.5,8,4.5,8,6,10,7,7,6,7
"419","plane-car_letadlo-auto","plane-car","plane","car","letadlo-auto","letadlo","auto",7.6886719625117,6.98,6.2713280374883,6.59315058402934,5.76923076923077,4.94531095443219,8,6,7,8.5,6,4,9,2,8,8,8,8,4,8.5,7,8,7,5,8,6,9,8,7.5,7,7
"421","planet-astronomer_planeta-astronom","planet-astronomer","planet","astronomer","planeta-astronom","planeta","astronom",8.1956966727834,7.688,7.1803033272166,8.73250976157559,7.94230769230769,7.1521056230398,7,7,7,8,8,10,10,6,10,8,8,8,7,8.7,5,7,8,7.5,6,7,9,8,7,8,7
"423","planet-constellation_planeta-souhvězdí","planet-constellation","planet","constellation","planeta-souhvězdí","planeta","souhvězdí",7.57316424788987,6.896,6.21883575211013,8.66872759609204,8.05769230769231,7.44665701929258,6,4,7,7,7,3,10,5,8,8,5,7,7,8.9,8,7.5,6,8,7,6,10,8,6,6,7
"424","planet-galaxy_planeta-galaxie","planet-galaxy","planet","galaxy","planeta-galaxie","planeta","galaxie",8.25325486550438,7.82,7.38674513449562,8.93791217601395,8.11153846153846,7.28516474706297,7,7,7,8,9,6,10,8,9,8,8,7,9,8.5,7,8,7,8,7,8,10,8,6,7,8
"425","planet-moon_planeta-měsíc","planet-moon","planet","moon","planeta-měsíc","planeta","měsíc",7.49489126852821,6.7,5.90510873147179,8.86527151457569,8.07692307692308,7.28857463927046,6,4,7,7,9,5,0,5,9,8,8,6,8,8.5,7,8,7,5,7,6,7,9,7,7,7
"426","planet-people_planeta-lidé","planet-people","planet","people","planeta-lidé","planeta","lidé",7.13579372074226,6.468,5.80020627925774,6.82456911341493,5.75,4.67543088658507,7,4,5,8,8,5,9,7,7,8,7,7,7,8.7,7,5,3,6,6,7,9,7,5,5,4
"427","planet-space_planeta-vesmír","planet-space","planet","space","planeta-vesmír","planeta","vesmír",8.44185428404807,8,7.55814571595193,8.85309881143622,7.92307692307692,6.99305503471762,7,6,7,8,9,9,10,8,9,8,9,6,8,8.5,7,7,8,9,8,7,10,8,8.5,7,8
"428","planet-star_planeta-hvězda","planet-star","planet","star","planeta-hvězda","planeta","hvězda",8.46687115983061,7.82,7.17312884016939,9.28006405699092,8.45384615384615,7.62762825070139,8,2,7,7,9,8,10,8,9,7,6,8,9,8.5,9,8.5,8,8,7,7,10,8,7.5,7,9
"429","planet-sun_planeta-slunce","planet-sun","planet","sun","planeta-slunce","planeta","slunce",8.28497244640851,7.744,7.20302755359149,8.79561117337768,8.01923076923077,7.24285036508386,8,7,7,7,9,5,10,8,9.5,7,6,9,10,8.6,7,7.5,8,7,7,7,10,8,6,7,8
"431","population-development_populace-rozvoj","population-development","population","development","populace-rozvoj","populace","rozvoj",6.92874116976745,6.144,5.35925883023256,4.85924151214233,3.75,2.64075848785767,5,5,6,4,9,9,2,6,4,7,7,8,6,8.6,7,5.5,6,7.5,6,6,10,3,6,5,5
"432","possibility-girl_možnost-dívka","possibility-girl","possibility","girl","možnost-dívka","možnost","dívka",2.551270416449,1.8,1.048729583551,2.79602603125595,1.9375,1.07897396874405,0,0.5,0,1,1,0,2,0,2,6,1,5,3,4.5,4,1,1,5,1,3,2,1,1,0,0
"434","practice-institution_postup-instituce","practice-institution","practice","institution","postup-instituce","postup","instituce",4.57050104997162,3.492,2.41349895002838,4.25710317052599,3.1875,2.11789682947401,5,0,6,3,9,5,0,1,3,8,1,7,2,6.3,2,2,1,6,5,2,4,1,3,5,0
"437","precedent-antecedent_precedent-antecedent","precedent-antecedent","precedent","antecedent","precedent-antecedent","precedent","antecedent",7.17716043735118,5.82,4.46283956264882,7.85746637990952,6.03846153846154,4.21945669701356,6,8,0,9,4,7,9,10,8,7,1,8,8,9.5,2,8,9,8,9,5,2,2,4,2,0
"438","precedent-cognition_precedent-vědomí","precedent-cognition","precedent","cognition","precedent-vědomí","precedent","vědomí",3.6669008814034,2.752,1.8370991185966,4.43264416422432,2.80769230769231,1.18274045116029,2,6.5,0,4,1,3,0,3,9.5,6,1,2,3,4.3,1,2,2,3,1,4,2,2,4.5,0,2
"444","precedent-collection_precedent-soubor","precedent-collection","precedent","collection","precedent-soubor","precedent","soubor",3.16838582031876,2.332,1.49561417968124,4.06028027507265,2.5,0.939719724927352,3,2,1,5,2,0,0,0,6,2,1,3,3,4.3,1,5,0,5,3,5,0,2,5,0,0
"445","precedent-example_precedent-příklad","precedent-example","precedent","example","precedent-příklad","precedent","příklad",7.22015826098212,6.088,4.95584173901788,7.79019284634445,5.84615384615385,3.90211484596324,4,4,8,2,5,2,9,6,9.5,10,5,9,4,9.2,9,8,6,5,9,4,1,6,9.5,5,3
"446","precedent-group_precedent-skupina","precedent-group","precedent","group","precedent-skupina","precedent","skupina",3.44246774501334,2.46,1.47753225498666,3.03088516426552,1.76923076923077,0.507576374196016,8,1,0,1,3,0,0,0,5,8,2,4,4,3,2,4,1,4,5,3,0,1,2.5,0,0
"447","precedent-information_precedent-informace","precedent-information","precedent","information","precedent-informace","precedent","informace",3.41163434072184,2.56,1.70836565927816,5.39853772500691,3.84615384615385,2.29376996730078,4,2,2,2,3,0,0,0,8,4,3,6,4,2,2,4,1,2,6,2,1,1,4,1,0
"448","precedent-law_precedent-zákon","precedent-law","precedent","law","precedent-zákon","precedent","zákon",7.38131063208326,6.588,5.79468936791674,7.85222251067676,6.65384615384615,5.45546979701555,7,2,5,6,5,9,10,7,7,7,4,7,7,8.7,9,8,8,3,8,8,6,5,7,5,6
"452","prejudice-recognition_předsudek-rozpoznání","prejudice-recognition","prejudice","recognition","předsudek-rozpoznání","předsudek","rozpoznání",4.58803170038543,3.576,2.56396829961457,4.24588042422466,3,1.75411957577534,2,1,6,2,6,0,9,0,4,6,1,7,3,6.4,1,2,1,6,2,2,4,3,5,5,5
"453","preservation-world_zachování-svět","preservation-world","preservation","world","zachování-svět","zachování","svět",4.79455402986053,3.64,2.48544597013947,7.10465818231179,6.1875,5.27034181768821,6,2,1,4,8,5,0,0,7,7,1,2,3,9,2,5,4,6,5,2,8,1,0,2,1
"454","president-medal_prezident-medaile","president-medal","president","medal","prezident-medaile","prezident","medaile",5.80917183511878,5.16,4.51082816488122,4.13455065855414,3,1.86544934144586,5,4,4,7,3,6,9,5,6,5,2,7,5,6,3,6,4,5,4,4,8,6,5,5,5
"455","problem-airport_problém-letiště","problem-airport","problem","airport","problém-letiště","problém","letiště",3.73560408195312,2.776,1.81639591804688,3.50746316707365,2.375,1.24253683292635,6,1,1,1,6,0,9,0,3,6,1,4,3,4.4,3,3,1,3,4,2,5,1,1,1,0
"456","problem-challenge_problém-výzva","problem-challenge","problem","challenge","problém-výzva","problém","výzva",6.622026301631,5.424,4.22597369836901,7.80231889607373,6.75,5.69768110392627,2,3,4,5,7,1,9,0,9,7,2,7,6,9.6,3,7.5,3,6,8,3,9,2,7.5,6,9
"457","production-crew_produkce-štáb","production-crew","production","crew","produkce-štáb","produkce","štáb",7.63113614055338,6.86,6.08886385944662,7.37617747652714,6.25,5.12382252347286,6,4,7,4,7,7,10,6,6,8,5,8,10,9,8,6,6,5,7,5,10,4,9.5,7,7
"463","production-hike_produkce-výlet","production-hike","production","hike","produkce-výlet","produkce","výlet",1.94178940811298,1.272,0.602210591887016,2.63097049651683,1.75,0.869029503483171,4,0,0,1,2,0,0,0,2,5,1,0,4,0.8,0,3,1,4,3,0,1,0,0,0,0
"464","professor-cucumber_profesor-okurka","professor-cucumber","professor","cucumber","profesor-okurka","profesor","okurka",1.07663695605441,0.6,0.123363043945591,0.688654426342635,0.307692307692308,-0.07326981095802,0,0,0,0,3,0,0,0,0,3,1,0,0,0,1,1,0,2,4,0,0,0,0,0,0
"465","professor-doctor_profesor-doktor","professor-doctor","professor","doctor","profesor-doktor","profesor","doktor",7.72351095484318,6.872,6.02048904515682,7.65588397463344,6.61538461538461,5.57488525613579,8,4,6,4,6,9,10,3,9,8,4,7,8,9.3,4,8,7,7,7,4,10,6,8.5,7,8
"466","profit-loss_zisk-ztráta","profit-loss","profit","loss","zisk-ztráta","zisk","ztráta",8.98917883616294,8.36,7.73082116383706,8.98179502001686,7.625,6.26820497998314,8,8,7,8,8,9,10,10,9,8,5,10,10,10,8,9,7,5,9,7,10,9,9,6,10
"467","profit-warning_zisk-varování","profit-warning","profit","warning","zisk-varování","zisk","varování",2.65674870757875,2.06,1.46325129242125,5.17842685446018,3.875,2.57157314553982,2,1,2,1,2,0,2,0,5,2,1,3,3,4,1,2,2,2,4,1,4,4,3.5,0,0
"468","psychology-anxiety_psychologie-úzkost","psychology-anxiety","psychology","anxiety","psychologie-úzkost","psychologie","úzkost",7.22280529327574,6.46,5.69719470672426,7.88090224122707,7,6.11909775877293,7,7,5,6,8,8,10,4,8,8,4,7,7,4,7,7,5,5,6,3,10,5,8.5,7,5
"469","psychology-clinic_psychologie-klinika","psychology-clinic","psychology","clinic","psychologie-klinika","psychologie","klinika",6.86345056448188,6.2,5.53654943551812,7.62247207178205,6.57692307692308,5.53137408206411,7,4,5,7,7,7,10,4,7,4,4,7,8,7,3,6,6,6,8,6,6,8,7,5,6
"472","psychology-cognition_psychologie-vědomí","psychology-cognition","psychology","cognition","psychologie-vědomí","psychologie","vědomí",7.66356419432433,7.03,6.39643580567567,8.5462774836064,7.48076923076923,6.41526097793206,9,5,7,5,8,4,8,7,9,7,6,7,4,9,8,7,7,6,8,6,10,8,7.75,7,6
"474","psychology-depression_psychologie-deprese","psychology-depression","psychology","depression","psychologie-deprese","psychologie","deprese",8.0073551660899,7.312,6.6166448339101,8.34488235101306,7.42307692307692,6.50127149514079,9,7,7,7,8,8,10,4,10,7,6,8,9,6.8,7,6.5,8,5,8,3,10,7,7.5,7,7
"475","psychology-discipline_psychologie-disciplína","psychology-discipline","psychology","discipline","psychologie-disciplína","psychologie","disciplína",6.80641586050345,5.752,4.69758413949654,6.82176711385983,5.57692307692308,4.33207903998632,7,5,2,8,7,6,0,4,9,7,5,7,6,9.3,7,7.5,4,5,7,4,10,2,7,1,7
"476","psychology-doctor_psychologie-lékař","psychology-doctor","psychology","doctor","psychologie-lékař","psychologie","lékař",7.40158676920905,6.514,5.62641323079095,7.46862591793589,6.42307692307692,5.37752792821795,9,3,4,8,8,1,10,7,8,6,5,8,7,8.6,4,7.5,8,8,8,5,6,8,6.75,5,4
"478","psychology-fear_psychologie-strach","psychology-fear","psychology","fear","psychologie-strach","psychologie","strach",6.51226200680815,5.564,4.61573799319185,7.78867658955843,6.84615384615385,5.90363110274926,9,4.5,7,2,5,4,9,0,6,7,2,8,6,5.6,2,7,5,5,6,4,8,7,8,6,6
"479","psychology-Freud_psychologie-Freud","psychology-Freud","psychology","Freud","psychologie-Freud","psychologie","Freud",8.88451926550906,8.488,8.09148073449094,9.02473435089236,8.21153846153846,7.39834257218456,9,9,8,8,9,8,10,8,10,8,8,8,9,9.8,8,7.5,7,9.9,9,7,10,9,8,8,7
"480","psychology-health_psychologie-zdraví","psychology-health","psychology","health","psychologie-zdraví","psychologie","zdraví",7.21385576889181,6.54,5.86614423110819,8.11697017987833,7.23076923076923,6.34456828166013,9,6,6,7,6,5,9,6,9,7,4,7,4,8,8,5,5,6,7,4,9,7,8.5,6,5
"481","psychology-mind_psychologie-mysl","psychology-mind","psychology","mind","psychologie-mysl","psychologie","mysl",8.1280751365682,7.608,7.0879248634318,8.56921489144374,7.69230769230769,6.81540049317165,9,7.5,6,7,8,5,10,6,9,7,6,8,6,9.2,9,7.5,7,8,8,7,9,8,9,7,7
"483","psychology-psychiatry_psychologie-psychiatrie","psychology-psychiatry","psychology","psychiatry","psychologie-psychiatrie","psychologie","psychiatrie",8.65531269920974,7.928,7.20068730079026,8.92118965465703,8.07692307692308,7.23265649918912,9,6,9,8.5,9,5,10,7,10,8,6,8,4,9.7,4,9,9,7.5,8,7,10,8,9.5,8,9
"484","psychology-science_psychologie-věda","psychology-science","psychology","science","psychologie-věda","psychologie","věda",8.05279975959058,7.368,6.68320024040942,7.74696355904375,6.71153846153846,5.67611336403317,9,6,7,9,8,8,5,3,8,8,8,8,10,8.2,6,7,9,9,7,6,9,7,8,4,7
"485","reason-criterion_rozum-kritérium","reason-criterion","reason","criterion","rozum-kritérium","rozum","kritérium",5.53324783229316,4.54,3.54675216770684,7.02491734698884,5.90625,4.78758265301116,6,3,7,1,4,0,5,3,7,7,1,7,2,7,3,6,4,8,5,2,6,1,7.5,5,6
"488","reason-hypertension_rozum-hypertenze","reason-hypertension","reason","hypertension","rozum-hypertenze","rozum","hypertenze",2.85201588917846,1.94,1.02798411082154,3.35521879134953,2.3125,1.26978120865047,7,1,0,1,2,0,0,0,3,6,1,2,3,4,4,3,0,7,2,0,0,1,1.5,0,0
"492","record-number_rekord-číslo","record-number","record","number","rekord-číslo","rekord","číslo",5.62184604358609,4.536,3.45015395641391,7.19815832396903,6.3125,5.42684167603097,4,2,7,2,4,0,7,0,9,6,3,7,3,8.9,6,5,3,5,5,2,8,3,7.5,5,1
"494","registration-arrangement_registrace-sjednání","registration-arrangement","registration","arrangement","registrace-sjednání","registrace","sjednání",5.47282128154322,4.452,3.43117871845678,7.11774157140567,6,4.88225842859433,3,2,7,8,6,0,9,4,8,4,3,7,5,4.8,4,8,2,6,2,2,1,2,3.5,4,6
"498","report-gain_zpráva-výnos","report-gain","report","gain","zpráva-výnos","zpráva","výnos",4.63614766060244,3.548,2.45985233939756,4.83816433621526,3.625,2.41183566378474,4,0,2,1,0,1,9,1,9,4,2,4,6,5.7,4,3,4,6,4,2,6,3,7,1,0
"501","rock-jazz_rock-jazz","rock-jazz","rock","jazz","rock-jazz","rock","jazz",8.44847802446918,7.778,7.10752197553082,8.69106167529901,7.59375,6.49643832470099,9,5,7,7,7,8,10,3,9.5,8,6,8,10,8.7,9,8.5,8,7,8,6,10,8,8.75,7,8
"504","rooster-voyage_kohout-výprava","rooster-voyage","rooster","voyage","kohout-výprava","kohout","výprava",1.12443986854822,0.72,0.315560131451776,1.07945073445502,0.615384615384615,0.151318496314209,0,0,0,1,0,0,0,0,0,2,1,0,1,2,1,3,2,1,3,0,0,0,1,0,0
"506","seafood-food_krevety-jídlo","seafood-food","seafood","food","krevety-jídlo","krevety","jídlo",8.43438234220722,7.76,7.08561765779278,9.0501277160427,8.34375,7.6373722839573,7,8,7,8,9,7,10,2,9,7,8,9,8,9.5,5,7.5,9,9,8,7,9,9,7,7,8
"510","seafood-lobster_mořské plody-humr","seafood-lobster","seafood","lobster","mořské plody-humr","mořské plody","humr",8.42185087738176,7.83,7.23814912261824,9.26033947601546,8.703125,8.14591052398454,8,6,8,8,10,9,10,6,9.5,8,6,9,9,8.5,5,9,7,8,7,5,9,8,8.75,7,7
"514","seafood-sea_ryby-moře","seafood-sea","seafood","sea","ryby-moře","ryby","moře",8.24275752657622,7.724,7.20524247342378,8.11017076272083,7.46875,6.82732923727917,7,6,6,7,8,9,10,8,9,7,7,8,8,9.6,6,6,7,9,7,7,10,9,8.5,7,7
"518","secretary-senate_tajemník-senát","secretary-senate","secretary","senate","tajemník-senát","tajemník","senát",5.68370856809615,4.8,3.91629143190385,6.22129703502369,5.0625,3.90370296497631,3,1,4,8,8,8,4,5,3,6,5,4,3,7,2,4,7,6,5,7,0,4,6,4,6
"521","seven-series_sedm-série","seven-series","seven","series","sedm-série","sedm","série",4.25760953598128,3.44,2.62239046401872,4.59151323876348,3.5625,2.53348676123652,5,2,5,1,1,5,1,0,6,6,3,6,4,7,2,2,4,3,5,3,2,2,1,5,5
"523","shore-woodland_břeh-zalesnění","shore-woodland","shore","woodland","břeh-zalesnění","břeh","zalesnění",4.18659451323588,3.38,2.57340548676412,4.41598399039008,3.07692307692308,1.73786216345608,8,0,1,4,5,5,4,0,5,3,2,5,2,3.5,2,5,4,4,6,3,2,3,4,4,0
"527","shower-flood_přeháňka-záplava","shower-flood","shower","flood","přeháňka-záplava","přeháňka","záplava",6.79872505918299,6.168,5.53727494081701,7.30889337082571,6.03125,4.75360662917429,6,4,7,7,7,4,5,4,5,6,4,7,7,6.7,3,7,7,6,7,7,9,6,7.5,6,9
"529","shower-thunderstorm_přeháňka-bouře","shower-thunderstorm","shower","thunderstorm","přeháňka-bouře","přeháňka","bouře",7.93298083711927,7.308,6.68301916288073,7.53875903380277,6.3125,5.08624096619723,8,7,7,8,7,8,9,4,9,7,6,8,8,8.7,8,7.5,7,5,7,4,10,6,8.5,6,9
"530","school-center_škola-centrum","school-center","school","center","škola-centrum","škola","centrum",4.83565412533237,3.88,2.92434587466763,4.3700091761824,3.4375,2.5049908238176,2,1,4,4,6,1,2,0,8,7,1,6,4,7,0,5,3,4,5,4,7,2,4,4,6
"533","sign-recess_znak-úpadek","sign-recess","sign","recess","znak-úpadek","znak","úpadek",3.59980529527633,2.64,1.68019470472367,3.4906226281325,2.375,1.2593773718675,3,0,0,1,2,7,0,0,5,6,1,3,2,4,3,3,5,3,3,0,7,0,2,0,6
"535","situation-conclusion_situace-závěr","situation-conclusion","situation","conclusion","situace-závěr","situace","závěr",5.17589765389082,4.196,3.21610234610918,5.98348454330645,4.8125,3.64151545669355,3,3,3,5,4,0,6,6,8,6,2,7,4,7.9,5,4,3,3,5,1,9,3,2,5,0
"536","situation-isolation_situace-izolace","situation-isolation","situation","isolation","situace-izolace","situace","izolace",2.83793084284201,2.012,1.186069157158,5.28984747444584,3.875,2.46015252555416,1,0,3,1,6,0,0,0,5,7,1,0,4,2.3,2,3,2,4,3,3,1,1,1,0,0
"538","size-prominence_velikost-význačnost","size-prominence","size","prominence","velikost-význačnost","velikost","význačnost",6.99796412049885,5.996,4.99403587950115,6.49554650498006,5.3125,4.12945349501994,3,4,7,6,10,5,8,7,8,6,1,9,4,8.9,7,8,2,3,5,6,8,3,9,7,5
"539","skin-eye_kůže-oko","skin-eye","skin","eye","kůže-oko","kůže","oko",6.17145868397872,5.048,3.92454131602128,7.18658980703594,6.21875,5.25091019296406,6,0,7,7,8,0,1,3,4,6,6,1,2,9.7,2,7.5,6,5.5,7,5,8,8,5.5,6,5
"540","smart-student_chytrý-student","smart-student","smart","student","chytrý-student","chytrý","student",7.32029986131146,6.492,5.66370013868854,5.45338954987201,4.61538461538461,3.77737968089722,2,4,4,6,7,9,9,5,7,7,7,8,4,9.8,5,7,8,5,7,6,10,5,8.5,5,7
"541","smart-stupid_chytrý-hloupý","smart-stupid","smart","stupid","chytrý-hloupý","chytrý","hloupý",8.97027303083318,8.26,7.54972696916682,7.3754559843312,5.80769230769231,4.23992863105342,9,9,7,8.5,7,10,5,10,9,8,5,10,10,10,9,8.5,8,5,9,6,10,8,9.5,6,10
"542","soap-opera_mýdlová-opera","soap-opera","soap","opera","mýdlová-opera","mýdlová","opera",7.29420996020598,5.904,4.51379003979402,8.63141559702735,7.9375,7.24358440297265,8,0,6,8,10,8,10,7,9,7,1,8,0,2.1,0,8,8,2,8,3,10,5,8.5,4,7
"544","space-chemistry_vesmír-chemie","space-chemistry","space","chemistry","vesmír-chemie","vesmír","chemie",4.97966311916704,3.944,2.90833688083296,6.14348364214206,4.88461538461539,3.62574712708871,5,4,2,4,7,1,9,0,3,4,3,0,4,8.6,6,5,6,7,2,2,5,5,4,0,2
"545","space-world_vesmír-svět","space-world","space","world","vesmír-svět","vesmír","svět",7.95261681035778,7.184,6.41538318964222,7.53979559484684,6.53125,5.52270440515316,8,2,6,7,8,6,9,6,9,8,3,9,8,8.6,5,8.5,7,9,7,7,10,8,7.5,6,7
"546","start-match_začátek-zápas","start-match","start","match","začátek-zápas","začátek","zápas",5.97138020553518,5.136,4.30061979446482,5.88349294580069,4.46875,3.05400705419931,3,3,5,2,6,6,9,3,9,6,3,7,3,7.4,4,5,5,6,7,4,8,3,3,5,6
"547","start-year_začátek-rok","start-year","start","year","začátek-rok","začátek","rok",6.18499932796414,5.136,4.08700067203586,5.27322385026713,4.0625,2.85177614973287,3,4,2,1,8,7,0,2,5,8,4,7,6,9,5,5,4,8.9,5,6,9,6,4.5,2,7
"550","stock-CD_inventář-CD","stock-CD","stock","CD","inventář-CD","inventář","CD",3.44258305947547,2.6,1.75741694052453,2.10269359272441,1.30769230769231,0.512691022660201,1,0,3,3,1,0,2,0,7,6,2,5,3,5,6,3,4,1,4,1,1,2,2,0,3
"553","stock-egg_sklad-vajíčko","stock-egg","stock","egg","sklad-vajíčko","sklad","vajíčko",2.06736154950324,1.46,0.852638450496762,2.87977107451339,1.80769230769231,0.735613540871223,2,2,1,0,1,0,0,0,1,4,3,4,4,2,2,3,1,1.5,4,0,0,1,0,0,0
"554","stock-jaguar_sklad-jaguár","stock-jaguar","stock","jaguar","sklad-jaguár","sklad","jaguár",1.87367624034065,1.24,0.606323759659346,1.72101722473125,0.923076923076923,0.125136621422593,5,0,0,1,0,0,5,0,0,2,1,0,0,0,3,1,2,3,2,3,1,1,0,1,0
"558","stock-life_sklad-život","stock-life","stock","life","sklad-život","sklad","život",2.21297524676798,1.44,0.667024753232022,1.75828383661615,0.923076923076923,0.0878700095376956,4,0,0,1,0,0,0,0,0,4,1,5,3,0,2,1,1,4,3,0,6,1,0,0,0
"559","stock-live_zásobit-žít","stock-live","stock","live","zásobit-žít","zásobit","žít",4.51411163998749,3.528,2.54188836001251,5.38852289687327,3.73076923076923,2.07301556466519,6,3,6,5,4,0,3,0,4,5,1,8,3,6.7,4,4,1,8.5,5,1,1,2,4,2,1
"563","stock-market_akcie-trh","stock-market","stock","market","akcie-trh","akcie","trh",8.4460680124045,8.108,7.7699319875955,8.82567630444854,8.07692307692308,7.32816984939761,8,7,7,8,8,9,10,7,8,8,8,8,8,9.7,9,8,8,8.5,8,7,8,8,9.5,8,7
"567","stock-phone_sklad-telefon","stock-phone","stock","phone","sklad-telefon","sklad","telefon",2.41804970233511,1.772,1.12595029766489,2.37730885268527,1.61538461538462,0.85346037808396,3,0,0,0,1,0,3,0,3,5,1,2,0,2.3,2,2,1,2,2,3,6,2,2,2,0
"569","street-avenue_ulice-avenue","street-avenue","street","avenue","ulice-avenue","ulice","avenue",9.09947635676471,8.544,7.9885236432353,9.33647236333489,8.875,8.41352763666511,10,8,7,7,9,10,9,6,9.5,7,8,10,10,8.6,9,9,8,9,9,8,10,5,9.5,8,10
"570","street-block_ulice-blok","street-block","street","block","ulice-blok","ulice","blok",7.56185642944692,6.976,6.39014357055308,8.23179502001686,6.875,5.51820497998314,8,6,6,8,8,10,4,4,7,7,9,8,5,6.4,8,7,8,7,7,7,8,5,7,7,7
"571","street-children_ulice-děti","street-children","street","children","ulice-děti","ulice","děti",6.04384339576201,5.444,4.84415660423799,5.72711384056539,4.9375,4.14788615943461,3,5,5,6.5,6,7,9,2,6,6,5,5,6,5.6,4,6,4,6,5,4,8,6,5,5,6
"572","street-place_ulice-místo","street-place","street","place","ulice-místo","ulice","místo",6.33812598371063,5.62,4.90187401628937,7.16471563258043,6.4375,5.71028436741957,6,5,5,7,7,6,5,1,9,5,5,7,4,7,4,6.5,6,6,6,5,9,3,7,5,4
"573","stroke-hospital_mrtvice-nemocnice","stroke-hospital","stroke","hospital","mrtvice-nemocnice","mrtvice","nemocnice",7.47796700732869,6.888,6.29803299267131,7.96676753349169,7.03125,6.09573246650831,7,6,7,7,7,5,10,6,9,6,6,8,8,6.7,5,7.5,8,5,8,4,9,8,7,6,6
"574","student-professor_student-profesor","student-professor","student","professor","student-profesor","student","profesor",8.02665980282234,7.42,6.81334019717766,7.86548337900973,6.80769230769231,5.74990123637489,6,5,7,7,7,6,10,4,9,8,6,8,6,9.5,8,8,7,7,8,7,10,8,9,7,8
"575","sugar-approach_cukr-přístup","sugar-approach","sugar","approach","cukr-přístup","cukr","přístup",1.21548430322989,0.804,0.39251569677011,1.59977120336972,0.875,0.150228796630279,0,2,0,0,0,2,0,0,3,2,1,1,1,0.1,1,0,1,3,2,0,0,1,0,0,0
"576","summer-drought_léto-sucho","summer-drought","summer","drought","léto-sucho","léto","sucho",7.10300348218609,6.36,5.61699651781391,7.98014296362666,7.15625,6.33235703637334,4,6,7,6,7,6,10,2,9,7,4,8,7,9,7,5,6,5,7,5,8,7,4,6,7
"577","summer-nature_léto-příroda","summer-nature","summer","nature","léto-příroda","léto","příroda",7.11030164833617,6.25,5.38969835166383,6.47033317639858,5.625,4.77966682360142,9,2,5,4,8,8,10,4,8,6,4,7,4,9,5,7.5,6,5,6,6,9,4,8.75,5,6
"578","telephone-communication_telefon-komunikace","telephone-communication","telephone","communication","telefon-komunikace","telefon","komunikace",7.96687115983061,7.32,6.67312884016939,8.1977785518029,7.5,6.8022214481971,3,7,7,8,8,8,10,5,9.5,7,6,8,7,9.5,7,7,7,6,7,7,10,7,9,6,7
"579","television-film_televize-film","television-film","television","film","televize-film","televize","film",8.04262608084205,7.428,6.81337391915795,8.42008509797455,7.71875,7.01741490202545,5,5,7,8,7,7,10,8,9.5,8,5,9,6,9.7,8,8,7,5,7,6,9,8,8.5,7,8
"581","television-radio_televize-rádio","television-radio","television","radio","televize-rádio","televize","rádio",8.0440134820345,7.476,6.9079865179655,7.68912966890475,6.76923076923077,5.84933186955679,8,6.5,7,7,7,6,10,5,9,8,6,8,6,8.9,8,9,8,5,7,6,10,8,8.5,7,8
"582","tennis-racket_tenis-raketa","tennis-racket","tennis","racket","tenis-raketa","tenis","raketa",8.34240149687479,7.82,7.29759850312521,8.65499843578785,7.56153846153846,6.46807848728908,6,6,7,8,7,9,10,6,9,8,5,8,9,9,8,7,8,9,8,8,10,8,8.5,7,7
"584","territory-kilometer_území-kilometr","territory-kilometer","territory","kilometer","území-kilometr","území","kilometr",6.29697376121126,5.444,4.59102623878874,6.4566464712027,5.28125,4.1058535287973,9,3,6,1,7,6,6,0,7,6,5,7,6,7.1,5,7,4,7,6,5,8,4,3,6,5
"585","territory-surface_území-povrch","territory-surface","territory","surface","území-povrch","území","povrch",5.55491642015645,4.608,3.66108357984355,6.49781540456798,5.34375,4.18968459543202,7,2,3,4,7,4,10,0,4,7,2,6,6,6.7,2,6,4,7,5,2,6,3,4.5,5,2
"587","theater-history_divadlo-historie","theater-history","theater","history","divadlo-historie","divadlo","historie",5.63694324753983,4.624,3.61105675246017,5.10654642801483,3.90625,2.70595357198517,5,2,5,1,6,2,8,0,7,8,3,6,5,9.1,6,7,3,5,6,4,7,2,4.5,3,1
"588","tiger-animal_tygr-zvíře","tiger-animal","tiger","animal","tygr-zvíře","tygr","zvíře",8.70111574739602,8.08,7.45888425260398,7.94747690496281,7,6.05252309503719,8,5,7,8,10,10,10,7,10,9,7,9,10,8.5,9.5,7,7,8,7,6,10,9,7,7,6
"589","tiger-carnivore_tygr-masožravec","tiger-carnivore","tiger","carnivore","tygr-masožravec","tygr","masožravec",8.06953591984605,7.2,6.33046408015395,7.84733799517218,7.08461538461538,6.32189277405859,9,0,7,7,8,9,10,6,10,7,6,7,10,8.5,6,7.5,6,5,7,6,10,7,7,6,8
"590","tiger-cat_tygr-kočka","tiger-cat","tiger","cat","tygr-kočka","tygr","kočka",8.24042498500767,7.752,7.26357501499233,8.19525866738102,7.34615384615385,6.49704902492667,9,6,8,6,8,9,8,5,10,8,8,8,6,8.8,8,8.5,7,8,8,6,9,8,8.5,7,8
"591","tiger-fauna_tygr-fauna","tiger-fauna","tiger","fauna","tygr-fauna","tygr","fauna",7.51950178387968,6.596,5.67249821612032,7.34737411140129,5.61538461538461,3.88339511936794,7,4,6,8,7,6,10,1,10,7,5,8,3,8.4,8,7.5,7,8,7,4,10,5,4,6,8
"592","tiger-feline_tygr-kočkovitý","tiger-feline","tiger","feline","tygr-kočkovitý","tygr","kočkovitý",8.25439186851246,7.704,7.15360813148754,8.67562117761834,8,7.32437882238166,9,5,7,7,7,8,10,6,10,8,6,8,9,8.6,9,7.5,6,8,7,7,10,7,8.5,7,7
"594","tiger-jaguar_tygr-jaguár","tiger-jaguar","tiger","jaguar","tygr-jaguár","tygr","jaguár",8.04314602905158,7.16,6.27685397094842,8.82746357229161,8,7.17253642770839,6,5,8,6,8,2,10,3,10,8,5,8,4,8,8,8.5,9,6,9,6,10,8,7.5,7,9
"595","tiger-mammal_tygr-savec","tiger-mammal","tiger","mammal","tygr-savec","tygr","savec",7.87508056073169,7.028,6.18091943926831,7.73893395721459,6.84615384615385,5.9533737350931,7,3,7,8,7,5,10,2,9,8,5,7,10,9.2,8,6,7,8,7,7,10,9,5.5,6,5
"596","tiger-organism_tygr-organismus","tiger-organism","tiger","organism","tygr-organismus","tygr","organismus",5.84259044591402,4.78,3.71740955408598,6.42698443533481,4.76923076923077,3.11147710312673,7,3,4,4,6,1,0,0,9,6,5,7,7,7,2,6,7,8,6,4,8,1,3.5,4,4
"598","tiger-tiger_tygr-tygr","tiger-tiger","tiger","tiger","tygr-tygr","tygr","tygr",10,10,10,10,10,10,10,10,10,10,10,10,10,10,10,10,10,10,10,10,10,10,10,10,10,10,10,10,10,10,10
"599","tiger-zoo_tygr-zoo","tiger-zoo","tiger","zoo","tygr-zoo","tygr","zoo",7.75165983338972,6.976,6.20034016661028,6.77729674382227,5.86538461538461,4.95347248694696,8,5,7,5,6,6,10,2,9,8,6,8,9,9.4,6,7,8,4,7,7,10,8,6,6,7
"601","tool-implement_nářadí-nástroj","tool-implement","tool","implement","nářadí-nástroj","nářadí","nástroj",7.98356011107983,7.262,6.54043988892017,7.46714438292334,6.46153846153846,5.45593254015359,8,5,8,8,9,5,9,3,10,6,7,8,8,8.8,7,6.5,7,5,8,7,10,5,8.25,6,9
"602","train-car_vlak-auto","train-car","train","car","vlak-auto","vlak","auto",7.81280138588186,7.14,6.46719861411814,7.29864273928056,6.30769230769231,5.31674187610406,8,6,7,7,7,5,7,4,9,8,8,9,2,8.5,8,8,7,6,8,6,9,8,8,7,8
"604","travel-activity_cestování-činnost","travel-activity","travel","activity","cestování-činnost","cestování","činnost",6.71868354308269,5.806,4.89331645691731,6.03417410654909,5,3.96582589345091,2,5,7,8,5,2,4,4,10,7,4,8,8,7.4,4,6.5,3,9,6,4,6,4,8.25,5,8
"606","treatment-recovery_léčba-zotavení","treatment-recovery","treatment","recovery","léčba-zotavení","léčba","zotavení",8.36313838066656,7.908,7.45286161933344,8.56045478217024,7.90625,7.25204521782976,8,9,7,8,7,8,10,8,9,7,7,8,7,9.7,9,8,7,5.5,8,8,10,7,8.5,7,7
"608","type-kind_typ-druh","type-kind","type","kind","typ-druh","typ","druh",9.30737131514711,8.756,8.20462868485289,9.3513826700751,8.96875,8.5861173299249,9,8,9,8.5,9,8,8,9,10,6,9,9,10,9.9,9,9.5,9,4,9,9,9,8,10,10,10
"611","victim-emergency_oběť-nebezpečí","victim-emergency","victim","emergency","oběť-nebezpečí","oběť","nebezpečí",6.85551953703152,5.96,5.06448046296848,7.36816083316259,6.46875,5.56933916683741,3,1,7,7,5,2,8,7,8,8,2,8,7,7,8,6,3,7,8,6,5,8,5,6,7
"614","video-archive_video-archiv","video-archive","video","archive","video-archiv","video","archiv",6.76399439189703,5.912,5.06000560810297,7.23920591110869,6.34375,5.44829408889131,4,6,3,6,8,6,9,1,7,7,5,7,8,9.8,5,6,6,5,5,7,8,2,7,4,6
"615","viewer-serial_divák-seriál","viewer-serial","viewer","serial","divák-seriál","divák","seriál",7.70561551481246,7.032,6.35838448518754,4.12178979636311,2.96875,1.81571020363689,6,4,6,6,9,8,10,4,9,7,5,8,8,8.3,9,7,7,7,7,5,9,6,8.5,6,6
"617","vodka-brandy_vodka-brandy","vodka-brandy","vodka","brandy","vodka-brandy","vodka","brandy",8.17812126680817,7.536,6.89387873319183,8.82310669349446,8.13461538461539,7.44612407573631,9,6,7,7,7,7,10,4,9,8,6,8,6,9.4,8,8.5,8,5,8,6,10,8,9.5,6,8
"618","vodka-gin_vodka-gin","vodka-gin","vodka","gin","vodka-gin","vodka","gin",8.5988312035551,7.82,7.0411687964449,9.15342137374509,8.46153846153846,7.76965554933183,9,7,8,7,10,8,9,4,9,8,9,5,2,9,9,9,9,7.5,9,6,10,8,9,7,8
"620","volunteer-motto_dobrovolník-moto","volunteer-motto","volunteer","motto","dobrovolník-moto","dobrovolník","moto",3.13447758753712,2.32,1.50552241246288,3.60974745018918,2.5625,1.51525254981082,7,0,3,2,3,0,0,0,1,4,1,3,2,2,6,4,3,3,5,1,3,1,4,0,0
"623","war-troops_válka-vojáci","war-troops","war","troops","válka-vojáci","válka","vojáci",8.5055820432318,8.096,7.6864179567682,8.52018132237753,8.125,7.72981867762247,6,7,7,8,9,9,10,8,9,8,8,8,7,9.9,8,8.5,7,8,8,8,10,8,8,8,7
"625","water-seepage_voda-průsak","water-seepage","water","seepage","voda-průsak","voda","průsak",7.95846939281945,7.276,6.59353060718055,7.8959874565281,6.5625,5.2290125434719,8,6.5,6,7,7,8,10,3,9.5,6,5,8,7,9.4,8,7,9,6,7,6,10,6,8.5,6,8
"627","weapon-secret_zbraň-tajný","weapon-secret","weapon","secret","zbraň-tajný","zbraň","tajný",6.75103032565074,5.676,4.60096967434926,7.11874651957597,6.0625,5.00625348042403,6,0,4,4,6,8,9,0,8,8,3,7,7,8.9,7,3,7,4,7,7,9,2,7,5,5
"629","weather-forecast_počasí-předpověď","weather-forecast","weather","forecast","počasí-předpověď","počasí","předpověď",8.12999644889401,7.476,6.82200355110599,8.82744064812247,8.34375,7.86005935187753,6,7,7,8,8,9,10,4,9,7,7,8,5,9.9,8,7.5,9,5,7,8,10,7,8.5,6,6
"630","Wednesday-news_středa-noviny","Wednesday-news","Wednesday","news","středa-noviny","středa","noviny",3.26837694485379,2.556,1.84362305514621,3.13639178803077,2.21875,1.30110821196923,2,3,4,1,1,0,1,0,4,5,1,1,2,3.4,3,3,5,1.5,6,5,4,1,4,2,1
"632","wood-forest_dřevo-les","wood-forest","wood","forest","dřevo-les","dřevo","les",8.27117856833167,7.808,7.34482143166833,8.65890146891004,7.73076923076923,6.80263699262842,8,8,7,8,8,6,10,9,9,7,7,9,7,9.7,7,6,7,8,8,7,10,8,7.5,7,7
"634","word-similarity_slovo-podobnost","word-similarity","word","similarity","slovo-podobnost","slovo","podobnost",5.0985746306043,3.98,2.8614253693957,6.40673648699749,4.75,3.09326351300251,2,2,0,2,4,6,9,6,7,6,2,4,6,7.5,3,4,4,3,3,7,9,1,2,0,0
